Timestamp,Open,High,Low,Close,Volume,pct_change,avg_7_rows,numeric_timestamp,hour,day_of_week,day_of_month,month,is_weekend,hour_sin,hour_cos,day_sin,day_cos,returns,volatility_7,MA_7,MA_24,MA_7_24_ratio,price_MA_deviation,volume_MA_7,volume_ratio,high_low_range,close_open_range,target
2025-02-05,0.7928663699894167,0.7934422096600889,0.792890878220696,0.7935708688533296,0.0001881404060230675,0.5828960449536658,0.8490963769733009,0.0,0.0,0.3333333333333333,0.13333333333333333,0.09090909090909091,0.0,0.0,0.0,1.0,0.3568958678922095,0.5828960449536658,0.08037560298475066,0.8490963769733009,0.8624797242126384,0.31832776777271476,0.5533580290521295,0.014693177576680198,0.007107151910511438,0.030303959758304452,0.24221695966993473,0.7834849398188668
2025-02-06,0.7831788944361059,0.7833660221716657,0.7823557821173435,0.7834849398188668,0.008892709259285342,0.6099326181966922,0.8405222393955294,0.0,0.0,0.5,0.16666666666666669,0.09090909090909091,0.0,0.0,0.0,0.7225209339563144,5.551115123125783e-17,0.6099326181966922,0.07178437149622628,0.8405222393955294,0.8632340419886776,0.3066059352616748,0.5508341663003876,0.0158187026806963,0.3122586873489394,0.045749063282754056,0.23221185288429916,0.7826822814793074
2025-02-07,0.7827897740791527,0.7835443617732307,0.782769400209161,0.7826822814793074,0.009056513237292242,0.6234105449069792,0.8306682724770088,0.0,0.0,0.6666666666666666,0.2,0.09090909090909091,0.0,0.0,0.0,0.27747906604368566,0.0,0.6234105449069792,0.06878437223815595,0.8306682724770088,0.863961445139844,0.2933282923682723,0.5611636059287409,0.019561214736839874,0.25764511532282014,0.03796367251413541,0.22159733984825247,0.7816850392998549
2025-02-08,0.7825303605078507,0.7824986432004177,0.7819259437081997,0.7816850392998549,0.00038903230015770515,0.6231225772292558,0.823576484051397,0.0,0.0,0.8333333333333333,0.23333333333333334,0.09090909090909091,1.0,0.0,0.0,0.0,0.3568958678922094,0.6231225772292558,0.0677029891350957,0.823576484051397,0.8639054910512927,0.2844803544290697,0.5682290651033008,0.018878152342744613,0.011464618556081291,0.031242878156918806,0.2026449151529141,0.7823093291195122
2025-02-09,0.782027746713453,0.7821906020704418,0.7823638922760066,0.7823093291195122,0.0021309831460275827,0.6255133835739226,0.818678859973081,0.0,0.0,1.0,0.26666666666666666,0.09090909090909091,1.0,0.0,0.0,0.0990311320975808,0.8019377358048383,0.6255133835739226,0.06724971357206454,0.818678859973081,0.8624648503409982,0.28004239984413903,0.5748215772361684,0.018411526012913872,0.06437751600264496,0.006468198026370346,0.23159466618415162,0.7827147121192897
2025-02-10,0.7825222538337475,0.7825878130012003,0.7828586119544549,0.7827147121192897,1.1045621104093648e-05,0.6251898942991465,0.8173211383971738,0.0,0.0,0.0,0.3,0.09090909090909091,0.0,0.0,0.0,0.5,1.0,0.6251898942991465,0.06057206546731158,0.8173211383971738,0.8612469635655058,0.2797880931162078,0.5769540888873754,0.014736152507213454,0.00041605282774882807,0.00323205535930718,0.2293008699441434,0.7901737593151946
2025-02-11,0.7900776740979197,0.790045650884828,0.7904172798284539,0.7901737593151946,0.000191671384756238,0.6355840563006963,0.8124199192926196,0.0,0.0,0.16666666666666666,0.3333333333333333,0.09090909090909091,0.0,0.0,0.0,0.9009688679024191,0.8019377358048384,0.6355840563006963,0.037609406966631294,0.8124199192926196,0.8588604154468543,0.2764542430260062,0.5922655688581404,0.011545526716387908,0.009188423230939078,0.0,0.22680185072196293,0.7757907704830909
2025-02-12,0.7762233680555697,0.7761919063814369,0.7759730872494924,0.7757907704830909,0.016060432887600264,0.6035971047345852,0.8097919551125982,0.0,0.0,0.3333333333333333,0.3666666666666667,0.09090909090909091,0.0,0.0,0.0,1.0,0.3568958678922095,0.6035971047345852,0.020608793496873286,0.8097919551125982,0.8557829405765348,0.27681353868860903,0.5773161531999205,0.02044813425254627,0.437228120295579,0.019549688792347215,0.21315565756143115,0.7928006411537525
2025-02-13,0.7934581571989495,0.7934259969690375,0.7930125306006424,0.7928006411537525,0.004462543057673228,0.6498821145849828,0.8111688501617749,0.0,0.0,0.5,0.4,0.09090909090909091,0.0,0.0,0.0,0.7225209339563144,5.551115123125783e-17,0.6498821145849828,0.02929909547199753,0.8111688501617749,0.8546705874617277,0.27990079245787447,0.5971157817399366,0.017963299055697185,0.13814972567990966,0.02576571790523283,0.207701371318658,0.7839876147385908
2025-02-14,0.78331670789586,0.7839010409763608,0.7836534075034377,0.7839876147385908,0.016192713800269393,0.611770298309766,0.8113617832365507,0.0,0.0,0.6666666666666666,0.43333333333333335,0.09090909090909091,0.0,0.0,0.0,0.27747906604368566,0.0,0.611770298309766,0.032163162485024106,0.8113617832365507,0.8527327344708892,0.2824890247145615,0.5857597073848047,0.021965921423274994,0.4105821911217185,0.020448924258260805,0.24157271911375497,0.7904413120950478
2025-02-15,0.7904830078030791,0.7904509681611122,0.7906849150643358,0.7904413120950478,0.00015934304367683883,0.6340871049473561,0.8126559926822522,0.0,0.0,0.8333333333333333,0.4666666666666667,0.09090909090909091,1.0,0.0,0.0,0.0,0.3568958678922094,0.6340871049473561,0.033063953579961156,0.8126559926822522,0.849668716913006,0.2878698427369828,0.5923133614164365,0.02183709105374302,0.0040639681959673294,0.004532636004717223,0.22329722495176457,0.7913088317145714
2025-02-16,0.7910991150349216,0.7912291773315776,0.7914391598200031,0.7913088317145714,6.7150680515864e-05,0.6258581060571414,0.8139861523903341,0.0,0.0,1.0,0.5,0.09090909090909091,1.0,0.0,0.0,0.0990311320975808,0.8019377358048383,0.6258581060571414,0.03305559497186741,0.8139861523903341,0.8475410449888543,0.29218208296951587,0.5917773197472225,0.020679508399431498,0.0018078034846258752,0.005328360197149327,0.22968576549214875,0.7787824970214484
2025-02-17,0.7787364370275582,0.7788183623317579,0.7790225069068138,0.7787824970214484,0.0017343774018820173,0.6063335217753689,0.8134049564818479,0.0,0.0,0.0,0.5333333333333333,0.09090909090909091,0.0,0.0,0.0,0.5,1.0,0.6063335217753689,0.03782393307065378,0.8134049564818479,0.844770609325965,0.29485565335311725,0.5767252473943781,0.021646107680326945,0.04462197792897039,0.005412945266795744,0.225546266943234,0.7768853045824899
2025-02-18,0.776409821559943,0.7768404140234915,0.7766624507358549,0.7768853045824899,0.0022150437051818065,0.6217823313590417,0.8114408738137882,0.0,0.0,0.16666666666666666,0.5666666666666667,0.09090909090909091,0.0,0.0,0.0,0.9009688679024191,0.8019377358048384,0.6217823313590417,0.03575042397264446,0.8114408738137882,0.8416240771944589,0.2962307878712802,0.5767041662712803,0.022780996650473055,0.054168666847535255,0.018187702941145762,0.23666672860143298,0.7747610976636562
2025-02-19,0.7750560069847104,0.7750489116623157,0.7749998682099217,0.7747610976636562,0.00038859241883100443,0.6214384250730509,0.8112886843697104,0.0,0.0,0.3333333333333333,0.6,0.09090909090909091,0.0,0.0,0.0,1.0,0.3568958678922095,0.6214384250730509,0.030367612126248097,0.8112886843697104,0.8383486381754043,0.3001247554624309,0.5742079404984296,0.013990820611020876,0.015408249544541567,0.013868552064594404,0.21670948480242364,0.7833065712989647
2025-02-20,0.7833815612886855,0.7833498094806144,0.7835479754408176,0.7833065712989647,0.0016133501410994862,0.6373143140835102,0.8098854257947877,0.0,0.0,0.5,0.6333333333333333,0.09090909090909091,0.0,0.0,0.0,0.7225209339563144,5.551115123125783e-17,0.6373143140835102,0.021745201456402338,0.8098854257947877,0.8362606299089598,0.30092653048223705,0.5867019198280465,0.01239273726165596,0.07211930921619157,0.0056498929003818334,0.22243336398776858,0.7979652205709171
2025-02-21,0.7971304805676942,0.7978439552805344,0.7974731178653414,0.7979652205709171,0.0014537807549703564,0.6461772648888147,0.8119513675395926,0.0,0.0,0.6666666666666666,0.6666666666666666,0.09090909090909091,0.0,0.0,0.0,0.27747906604368566,0.0,0.6461772648888147,0.02656578550980907,0.8119513675395926,0.8349655406568587,0.3052452271851285,0.6026623551273209,0.004125819514499241,0.19049393159479341,0.02432501144048406,0.24540546918122805,0.7793094949211591
2025-02-22,0.7793120108888847,0.7792804240267218,0.7794766757919468,0.7793094949211591,0.010261004026574774,0.5976260025515613,0.8103060438646407,0.0,0.0,0.8333333333333333,0.7,0.09090909090909091,1.0,0.0,0.0,0.0,0.3568958678922094,0.5976260025515613,0.03635411957183191,0.8103060438646407,0.8331077232610363,0.3054554884218166,0.58113889632844,0.009791738492393969,0.5786291626786135,0.0056793950300092575,0.22429253773555033,0.782617420199343
2025-02-23,0.7828303074496687,0.782798577984868,0.7828505017957919,0.782617420199343,0.010998653421997623,0.6294881489147692,0.8090214211555742,0.0,0.0,1.0,0.7333333333333333,0.09090909090909091,1.0,0.0,0.0,0.0990311320975808,0.8019377358048383,0.6294881489147692,0.03683162560466768,0.8090214211555742,0.8305359600264841,0.3070466096136568,0.5868872704018469,0.0159231072786489,0.3836989165901908,0.010500046597839931,0.21889140378150773,0.780533751580487
2025-02-24,0.7803415584999897,0.7806747154571392,0.780676979274084,0.780533751580487,1.9997583643852393e-05,0.6215212688473618,0.8092802630447145,0.0,0.0,0.0,0.7666666666666667,0.09090909090909091,0.0,0.0,0.0,0.5,1.0,0.6215212688473618,0.032690297383524324,0.8092802630447145,0.827530021395958,0.3112292008718829,0.5839351301635397,0.014961529062559457,0.0007420137467623231,0.012154076290201944,0.22930785320030111,0.7435303913608018
2025-02-25,0.741851069858048,0.7434098450755776,0.7418860903885293,0.7435303913608018,0.008450976009947977,0.5699106853565767,0.8043502837302557,0.0,0.0,0.16666666666666666,0.8,0.09090909090909091,0.0,0.0,0.0,0.9009688679024191,0.8019377358048384,0.5699106853565767,0.0606996321631531,0.8043502837302557,0.8237676401505872,0.30958042450676015,0.5428969880772346,0.018459200113910206,0.2546521356043072,0.06562786835088946,0.26985681126133176,0.7175777717150498
2025-02-26,0.7179931279723627,0.7179640264704608,0.717531283923273,0.7175777717150498,0.010364091577919093,0.5843323229544262,0.7958983770445783,0.0,0.0,0.3333333333333333,0.8333333333333334,0.09090909090909091,0.0,0.0,0.0,1.0,0.3568958678922095,0.5843323229544262,0.06787774400295415,0.7958983770445783,0.8194928186132309,0.30391100546703376,0.5195679093597037,0.024054356207065464,0.24012155951644484,0.02788660201189979,0.21272989406884973,0.6828121256541362
2025-02-27,0.6821373084139576,0.6827014234337427,0.6824305172294238,0.6828121256541362,0.005563077585619288,0.5687103895706157,0.7810449269709965,0.0,0.0,0.5,0.8666666666666667,0.09090909090909091,0.0,0.0,0.0,0.7225209339563144,5.551115123125783e-17,0.5687103895706157,0.07236570088344177,0.7810449269709965,0.8147278675913497,0.29027967578763136,0.49155689680956605,0.026269718187961838,0.11808301636625437,0.022554961378490793,0.2442413051168496,0.6862822041322311
2025-02-28,0.6859555519165597,0.6861709393187347,0.6862504019597387,0.6862822041322311,9.170794289241314e-05,0.6304539340455853,0.7645377648279074,0.0,0.0,0.6666666666666666,0.9,0.09090909090909091,0.0,0.0,0.0,0.27747906604368566,0.0,0.6304539340455853,0.06354342444610675,0.7645377648279074,0.8087414883959666,0.2758188106611552,0.515523411784782,0.025505745390983957,0.002004566750631375,0.0092175701067111,0.23392885886931253,0.6833391235538469
2025-03-01,0.683483016315087,0.6835282706773623,0.6835497191249301,0.6833391235538469,0.0002724888450537587,0.6196458212958847,0.7503529896346046,0.0,0.0,0.8333333333333333,0.0,0.1818181818181818,1.0,0.0,0.0,0.0,0.3568958678922094,0.6196458212958847,0.06591196832391412,0.7503529896346046,0.8039266036621504,0.2628049712463132,0.5288780150108991,0.01990328874313336,0.0076197225648807956,0.011409459651786137,0.220125914331783,0.6970410689463244
2025-03-02,0.6973859624020562,0.6973576961441763,0.6972558872655505,0.6970410689463244,0.00023143962595277394,0.6477199790469604,0.7377044889870324,0.0,0.0,1.0,0.03333333333333333,0.1818181818181818,1.0,0.0,0.0,0.0990311320975808,0.8019377358048383,0.6477199790469604,0.07499859224652741,0.7377044889870324,0.8001507651043431,0.2504203022267273,0.5638723977701758,0.013864067956636607,0.009259889205592361,0.016017482070416478,0.21441716322902277,0.7655021499487393
2025-03-03,0.7641930636864371,0.7653780414501767,0.7645215432172107,0.7655021499487393,0.001667564356456952,0.7378775733218718,0.7354827627719119,0.0,0.0,0.0,0.06666666666666668,0.1818181818181818,0.0,0.0,0.0,0.5,1.0,0.7378775733218716,0.14821810994429824,0.7354827627719119,0.7994003428661145,0.24834181576196956,0.6620719279772894,0.014788171414596107,0.06259309720957891,0.04136965376782078,0.25878879045151515,0.6980139881457903
2025-03-04,0.6984398300354707,0.698411521062515,0.6978317085306298,0.6980139881457903,0.0016135757175257503,0.5229037050676152,0.7287552703384236,0.0,0.0,0.16666666666666666,0.1,0.1818181818181818,0.0,0.0,0.0,0.9009688679024191,0.8019377358048384,0.5229037050676152,0.17168688086730224,0.7287552703384236,0.7957456201202345,0.24374914071036569,0.5771157427175981,0.010953143081940224,0.08147748665478859,0.03379719362588642,0.21210264146815408,0.7067216149810098
2025-03-05,0.7073652782230819,0.7073366074862912,0.7069394167092787,0.7067216149810098,0.009395905956571422,0.638980987783924,0.7271506902941697,0.0,0.0,0.3333333333333333,0.13333333333333333,0.1818181818181818,0.0,0.0,0.0,1.0,0.3568958678922095,0.638980987783924,0.16879704513285818,0.7271506902941697,0.7924439747559092,0.24569409851921975,0.5915365014258608,0.01041009760700241,0.4988333861532652,0.02681579610827164,0.2060679267996301,0.7351389632654087
2025-03-06,0.7343442896384951,0.7350197774564964,0.7345869475917491,0.7351389632654087,0.001228315949641759,0.6709714769243945,0.7348847900743146,0.0,0.0,0.5,0.16666666666666669,0.1818181818181818,0.0,0.0,0.0,0.7225209339563144,5.551115123125783e-17,0.6709714769243944,0.16116874994038347,0.7348847900743146,0.7903658824038915,0.25894210229672954,0.6206476687395104,0.007978773861381197,0.08470561241782795,0.027552710012142618,0.2461083328244789,0.7286204046289874
2025-03-07,0.7289290313375647,0.7295966322998149,0.7288368450996191,0.7286204046289874,0.0024426575418132687,0.614364645613858,0.7411425324126966,0.0,0.0,0.6666666666666666,0.2,0.1818181818181818,0.0,0.0,0.0,0.27747906604368566,0.0,0.614364645613858,0.16278076837940011,0.7411425324126966,0.7876772530350232,0.2710173676494301,0.6029995788109633,0.009297397597730187,0.14494808213421986,0.03932296879517804,0.21584730742688255,0.7029029071231063
2025-03-08,0.7032470877786619,0.7032185839592446,0.7025356005552215,0.7029029071231063,0.002015789246396225,0.5838807215334487,0.7440341318501756,0.0,0.0,0.8333333333333333,0.23333333333333334,0.1818181818181818,1.0,0.0,0.0,0.0,0.3568958678922094,0.5838807215334487,0.17026358971115882,0.7440341318501756,0.7844935362244165,0.27916777774622203,0.5637088185841124,0.01027519707495083,0.1084034589722286,0.03746224957927012,0.2145203760959499,0.6986950315854165
2025-03-09,0.6987884170219079,0.6987600939201194,0.698853588522179,0.6986950315854165,2.578833915694741e-05,0.6176873203069252,0.7442785936343637,0.0,0.0,1.0,0.26666666666666666,0.1818181818181818,1.0,0.0,0.0,0.0990311320975808,0.8019377358048383,0.6176873203069252,0.16950795057204288,0.7442785936343637,0.7803830355547046,0.28493360907733734,0.5576042660702611,0.010159849358307238,0.0014023330150252304,0.008746693888914667,0.22167135397718268,0.655010959529399
2025-03-10,0.6543962696328447,0.654904764626178,0.6545153511110714,0.655010959529399,0.014228097135219055,0.5524774737171841,0.7279475877769395,0.0,0.0,0.0,0.3,0.1818181818181818,0.0,0.0,0.0,0.5,1.0,0.5524774737171841,0.12602319455618002,0.7279475877769395,0.774749379601075,0.26957236056833356,0.5177363222624186,0.01720492453595796,0.4597104176130054,0.027697948667129123,0.24323738763804054,0.6385443020784392
2025-03-11,0.6371371604671552,0.6388866258674297,0.6372244928413657,0.6385443020784392,0.09007777242476561,0.5955958226917251,0.7191577486248844,0.0,0.0,0.16666666666666666,0.3333333333333333,0.1818181818181818,0.0,0.0,0.0,0.9009688679024191,0.8019377358048384,0.5955958226917251,0.09318322148737208,0.7191577486248844,0.768114570430139,0.2659585908779136,0.5055564411415827,0.06682359337035501,0.7543296938846541,0.08005190905736714,0.26874789212861633,0.6726207970397312
2025-03-12,0.672336339423202,0.6725360661445371,0.6724144712805089,0.6726207970397312,0.00021766388808812064,0.6861453238803493,0.7141175218391254,0.0,0.0,0.3333333333333333,0.3666666666666667,0.1818181818181818,0.0,0.0,0.0,1.0,0.3568958678922095,0.6861453238803493,0.11659112234723835,0.7141175218391254,0.7629303178839243,0.2656932618602006,0.5608144194368418,0.061675610676462156,0.0019745248484274425,0.01692769559084168,0.23286132428787995,0.6783853432965664
2025-03-13,0.6783028515631492,0.6782753587767202,0.6785944121817827,0.6783853432965664,1.9455237216670514e-06,0.6344773316160578,0.7057291272836536,0.0,0.0,0.5,0.4,0.1818181818181818,0.0,0.0,0.0,0.7225209339563144,5.551115123125783e-17,0.6344773316160578,0.10302155515051473,0.7057291272836536,0.7585450047286694,0.2595600384906489,0.5806346033967253,0.060987751968680004,1.784725093304344e-05,0.0,0.22680185072196293,0.6571838124082061
2025-03-14,0.65728224561358,0.6572556048286259,0.657386347277805,0.6571838124082061,1.9027320486964386e-05,0.5885444199443539,0.6951705352224733,0.0,0.0,0.6666666666666666,0.43333333333333335,0.1818181818181818,0.0,0.0,0.0,0.27747906604368566,0.0,0.5885444199443539,0.10535268973928337,0.6951705352224733,0.753316484707335,0.2513507662713652,0.5643614711985739,0.05962836240990742,0.00017851599190728154,0.007054412707809186,0.22134739187204142,0.6813446391949418
2025-03-15,0.6807916005128282,0.6813719827675307,0.6810842308913511,0.6813446391949418,0.0026618705898701803,0.6669966966061652,0.6919841436334734,0.0,0.0,0.8333333333333333,0.4666666666666667,0.1818181818181818,1.0,0.0,0.0,0.0,0.3568958678922094,0.6669966966061652,0.11436986043207435,0.6919841436334734,0.7492360859207043,0.2521901646748359,0.6045556128886234,0.059990742869066596,0.02482343412889721,0.023218708325395312,0.2406852429051321,0.6839958440134862
2025-03-16,0.6838559233238337,0.6838849498804923,0.6841498708659987,0.6839958440134862,2.0260877732593238e-05,0.6290803199123933,0.6898115494436061,0.0,0.0,1.0,0.5,0.1818181818181818,1.0,0.0,0.0,0.0990311320975808,0.8019377358048383,0.6290803199123933,0.11461570648920559,0.6898115494436061,0.7448982274987777,0.2548638663327014,0.6116638180721459,0.059987642572131565,0.00018895377264336116,0.0021573694317346672,0.2284699247738892,0.6693777330415116
2025-03-17,0.6693206566568157,0.6692935279342641,0.6695840259070908,0.6693777330415116,1.1012171300910586e-05,0.5999416989939846,0.6919350116082198,0.0,0.0,0.0,0.5333333333333333,0.1818181818181818,0.0,0.0,0.0,0.5,1.0,0.5999416989939846,0.09031488919974573,0.6919350116082198,0.7392815702555942,0.2656245650270723,0.586924608263816,0.05201342411006071,0.00011839828243307256,0.0009446644624495876,0.22607143790790818,0.6814743617548705
2025-03-18,0.6813914943964642,0.6813638764220051,0.6816843826324196,0.6814743617548705,0.0,0.6454361755274979,0.6982802329183946,0.0,0.0,0.16666666666666666,0.5666666666666667,0.1818181818181818,0.0,0.0,0.0,0.9009688679024191,0.8019377358048384,0.6454361755274979,0.08320160409849825,0.6982802329183946,0.7350081652774417,0.28091050756697156,0.5956585543955004,0.001489717055149495,0.0,0.0,0.22680185072196293,0.6706182050208306
2025-03-19,0.6703339909197144,0.6705094797631165,0.6706221262159662,0.6706182050208306,0.0004019025952583344,0.606217746046636,0.6979842424247943,0.0,0.0,0.3333333333333333,0.6,0.1818181818181818,0.0,0.0,0.0,1.0,0.3568958678922095,0.606217746046636,0.06513893000785913,0.6979842424247943,0.7301160780670168,0.2873836914746033,0.5801619002485502,0.001593054673506099,0.12897950402423788,0.007860304254238518,0.23287942342410245,0.7048406378620425
2025-03-20,0.7041874619746318,0.704920916519638,0.7044901487930258,0.7048406378620425,0.005322949655989793,0.6834525764451304,0.7018944326297235,0.0,0.0,0.5,0.6333333333333333,0.1818181818181818,0.0,0.0,0.0,0.7225209339563144,5.551115123125783e-17,0.6834525764451304,0.08614382518455399,0.7018944326297235,0.726809828885279,0.2979497239945996,0.6245899592129929,0.004577551811701026,0.6309037587187892,0.02813399332335674,0.24300100614599918,0.682544572874283
2025-03-21,0.6823724019629501,0.6824663394134979,0.6825035086573916,0.682544572874283,0.0007614978283823285,0.5881062220837028,0.7056428466539401,0.0,0.0,0.6666666666666666,0.6666666666666666,0.1818181818181818,0.0,0.0,0.0,0.27747906604368566,0.0,0.5881062220837028,0.08637449659421162,0.7056428466539401,0.7241459893024778,0.3074297817038829,0.5867881149980713,0.004993995973540701,0.08295640824338564,0.010810297104978677,0.2294288084037306,0.6814986847348572
2025-03-22,0.6814158144187737,0.6813881954585821,0.6817087131084089,0.6814986847348572,0.0,0.6228247716319179,0.7056656151534478,0.0,0.0,0.8333333333333333,0.7,0.1818181818181818,1.0,0.0,0.0,0.0,0.3568958678922094,0.6228247716319179,0.07685139239137982,0.7056656151534478,0.7225700671882176,0.30977218223694614,0.5852390971463592,0.0035009798133885297,0.0,0.0,0.22680185072196293,0.6795690616559166
2025-03-23,0.6794864259822148,0.6794588852234698,0.6797784953465937,0.6795690616559166,0.0,0.6213263579533964,0.705011320378121,0.0,0.0,1.0,0.7333333333333333,0.1818181818181818,1.0,0.0,0.0,0.0990311320975808,0.8019377358048383,0.6213263579533964,0.07677239944394333,0.705011320378121,0.7224284112678346,0.3089965236005898,0.5833549679349207,0.0034896156929881067,0.0,0.0,0.22680185072196293,0.6973815906661375
2025-03-24,0.6978156161295253,0.6977873324570375,0.6973126583761922,0.6973815906661375,0.0006626439205026032,0.6548251012084838,0.7091503939202066,0.0,0.0,0.0,0.7666666666666667,0.1818181818181818,0.0,0.0,0.0,0.5,1.0,0.6548251012084838,0.07644478393133441,0.7091503939202066,0.7229132286553452,0.3145040322082382,0.6033066233492801,0.003855109318308864,0.09269051288758275,0.029901026903954277,0.21185596390909814,0.7089593291397813
2025-03-25,0.7091973865704027,0.7091686415750955,0.7091778205002913,0.7089593291397813,0.004048165546176534,0.6437410081661048,0.7132127735692138,0.0,0.0,0.16666666666666666,0.8,0.1818181818181818,0.0,0.0,0.0,0.9009688679024191,0.8019377358048384,0.6437410081661048,0.07614380453845893,0.7132127735692138,0.7240323104263704,0.31895100096682394,0.6141891601053212,0.0061256842299568315,0.36153504193933494,0.01188734455010973,0.21761057791598773,0.7088701448798302
2025-03-26,0.7088731196062751,0.7095496398148026,0.7090886087549974,0.7088701448798302,0.00956927329531999,0.6244471052315436,0.7188665514996017,0.0,0.0,0.3333333333333333,0.8333333333333334,0.1818181818181818,0.0,0.0,0.0,1.0,0.3568958678922095,0.6244471052315436,0.07165559754450307,0.7188665514996017,0.7245490003959673,0.32666282376559197,0.6060599233739283,0.011267569283792262,0.4698990440511165,0.029137315890586407,0.22427309453893396,0.7050271140419401
2025-03-27,0.704965702688538,0.7049371292106893,0.7050578598994421,0.7050271140419401,0.0003020612433522563,0.6183390917156661,0.7188941133674268,0.0,0.0,0.5,0.8666666666666667,0.1818181818181818,0.0,0.0,0.0,0.7225209339563144,5.551115123125783e-17,0.6183390917156661,0.04782954304364469,0.7188941133674268,0.7219074716206263,0.3306471326968796,0.6005494336589832,0.008451404002536338,0.019686411259167737,0.007773152726352828,0.22610836757172392,0.7071188903207918
2025-03-28,0.7070572246071607,0.707036672701841,0.7073368144837702,0.7071188903207918,4.481022450686242e-05,0.6280143442425237,0.722526288209946,0.0,0.0,0.6666666666666666,0.9,0.1818181818181818,0.0,0.0,0.0,0.27747906604368566,0.0,0.6280143442425237,0.02808494615828419,0.722526288209946,0.7223051706171014,0.3355130141403124,0.5984664706231677,0.008049421209518967,0.0030635376171062297,0.00119233238558195,0.22611041882657076,0.6838904444335442
2025-03-29,0.6840342701541038,0.6840065450633775,0.6841012099140201,0.6838904444335442,0.0012888387905840646,0.5867029072911,0.7228797991233552,0.0,0.0,0.8333333333333333,0.9333333333333333,0.1818181818181818,1.0,0.0,0.0,0.0,0.3568958678922094,0.5867029072911,0.04895199570154305,0.7228797991233552,0.7213079129376055,0.3375473072686208,0.5650857515212729,0.008772317788148975,0.080978609669569,0.00862722791050436,0.22013129406816112,0.6693371947415339
2025-03-30,0.6696368169468401,0.6696096754097657,0.6695434751137753,0.6693371947415339,0.00022987777183839088,0.600047292486632,0.7213674914192116,0.0,0.0,1.0,0.9666666666666667,0.1818181818181818,1.0,0.0,0.0,0.0990311320975808,0.8019377358048383,0.600047292486632,0.05437368172598742,0.7213674914192116,0.7184337143130356,0.3396155561478682,0.5464656904459401,0.008901253894029024,0.014237734362098688,0.014792756149525469,0.21536411904442854,0.6681696917021749
2025-03-31,0.6676831084879715,0.6680613634143604,0.667961994174473,0.6681696917021749,0.009378969668273842,0.6225803286415121,0.7170498649073023,0.0,0.0,0.0,0.9999999999999999,0.1818181818181818,0.0,0.0,0.0,0.5,1.0,0.6225803286415121,0.041937553225295014,0.7170498649073023,0.7157932479570975,0.33708717907888186,0.5505179018193611,0.013790152418283576,0.37724121042187925,0.016098680296720774,0.23900525249769167,0.6686966896018856
2025-04-01,0.6690612430855136,0.6690341248774423,0.6688622217860759,0.6686966896018856,0.00011471210573774604,0.6255019250243333,0.7110988981412348,0.0,0.0,0.16666666666666666,0.0,0.2727272727272727,0.0,0.0,0.0,0.9009688679024191,0.8019377358048384,0.6255019250243333,0.03349712509700208,0.7110988981412348,0.7142991321368586,0.3303147005396265,0.559258550556795,0.011583918360876721,0.005481131925512069,0.018900614269963773,0.21340575741268838,0.6906035869098587
2025-04-02,0.6904142226733136,0.6905483659026032,0.6907109892244376,0.6906035869098587,0.0004896021063381189,0.6623789139402275,0.7083990334364523,0.0,0.0,0.3333333333333333,0.03333333333333333,0.2727272727272727,0.0,0.0,0.0,1.0,0.3568958678922095,0.6623789139402275,0.055037726301162465,0.7083990334364523,0.713945700615503,0.32674286715119405,0.5945806158903562,0.006491223071479068,0.04132056705742766,0.006105364502001854,0.2298702774688131,0.6689074887617698
2025-04-03,0.6685748426393223,0.6690746566050707,0.6686108068675202,0.6689074887617698,0.001778922216609207,0.5883561364631386,0.7030604194729341,0.0,0.0,0.5,0.06666666666666668,0.2727272727272727,0.0,0.0,0.0,0.7225209339563144,5.551115123125783e-17,0.5883561364631386,0.06281688572130209,0.7030604194729341,0.714552696234344,0.317713180249489,0.5705707173850134,0.00731957938142208,0.1334952630455339,0.030262982407216556,0.23435786886420984,0.6746801426786007
2025-04-04,0.6742900478820706,0.6745707588714833,0.6743771296769764,0.6746801426786007,0.0024650932039142087,0.6345461840584607,0.6982658528134423,0.0,0.0,0.6666666666666666,0.1,0.2727272727272727,0.0,0.0,0.0,0.27747906604368566,0.0,0.6345461840584607,0.06435485822583095,0.6982658528134423,0.7161310973272109,0.3080866221668015,0.5857196007277214,0.008677091506221748,0.15655345614507998,0.019691760236589646,0.23598556560603282,0.6794798773959656
2025-04-05,0.6797215195312073,0.6797426073168686,0.6796892836012998,0.6794798773959656,6.41271757869277e-05,0.6327977371269357,0.6976139547222743,0.0,0.0,0.8333333333333333,0.13333333333333333,0.2727272727272727,1.0,0.0,0.0,0.0,0.3568958678922094,0.6327977371269357,0.05599114046002809,0.6976139547222743,0.7164306995988208,0.30665553793177236,0.5936862109396779,0.007990163208739276,0.004416075490847032,0.014263225683346849,0.21721202489492053,0.6768043495974344
2025-04-06,0.6769814636843293,0.6773512353867923,0.6770048210838172,0.6768043495974344,0.0003679815036814595,0.6200504779033,0.6987176277773585,0.0,0.0,1.0,0.16666666666666669,0.2727272727272727,1.0,0.0,0.0,0.0990311320975808,0.8019377358048383,0.6200504779033,0.05026496348731979,0.6987176277773585,0.7163616423376341,0.3084307444707728,0.5881919597076652,0.008067624188323968,0.025102071255191438,0.02552865387839165,0.21909894030934557,0.6346850559205579
2025-04-07,0.63536990551266,0.6353522592182322,0.6347265639731343,0.6346850559205579,0.0008583266552658587,0.5528118374337658,0.6937684749896301,0.0,0.0,0.0,0.2,0.2727272727272727,0.0,0.0,0.0,0.5,1.0,0.5528118374337658,0.08613505801982178,0.6937684749896301,0.7153789043899774,0.3023723245794978,0.5331226994150581,0.0032884821211925075,0.13982073916061,0.03781528686799097,0.2026927391153807,0.6413738754168857
2025-04-08,0.6414742311123613,0.6415698262364306,0.6414742159808243,0.6413738754168857,0.004460019877372274,0.6367478250137645,0.6897300621822101,0.0,0.0,0.16666666666666666,0.23333333333333334,0.2727272727272727,0.0,0.0,0.0,0.9009688679024191,0.8019377358048384,0.6367478250137645,0.08800215638088939,0.6897300621822101,0.7136329951712578,0.298803147451689,0.5485317726451471,0.005725721087118937,0.42540909324244064,0.016099274648065307,0.22121298447752896,0.6191994253290595
2025-04-09,0.6181107963469705,0.6190990364392391,0.6181493996657803,0.6191994253290595,0.0057347123194042915,0.5847147020760644,0.6791762634893472,0.0,0.0,0.3333333333333333,0.26666666666666666,0.2727272727272727,0.0,0.0,0.0,1.0,0.3568958678922095,0.5847147020760644,0.0772749062476864,0.6791762634893472,0.7108027098820067,0.2868572479177365,0.5299034080624893,0.008667650097375185,0.36459060441296226,0.052169123432827993,0.2597569730158519,0.6700101305211644
2025-04-10,0.6695233235093955,0.6699015038486903,0.6693893820991766,0.6700101305211644,0.004742510870171506,0.7192398976265395,0.6793392380121394,0.0,0.0,0.5,0.3,0.2727272727272727,0.0,0.0,0.0,0.7225209339563144,5.551115123125783e-17,0.7192398976265395,0.12809935528582223,0.6793392380121394,0.7108303327864813,0.2870659266496607,0.6062370316011689,0.010329896852965178,0.2537082766662367,0.03210886989369688,0.2389717128676569,0.6453547364747002
2025-04-11,0.6449114609321135,0.6453879149790269,0.6451156772205513,0.6453547364747002,4.131597854556252e-05,0.582148031859608,0.6750048347111192,0.0,0.0,0.6666666666666666,0.3333333333333333,0.2727272727272727,0.0,0.0,0.0,0.27747906604368566,0.0,0.582148031859608,0.1340638722282525,0.6750048347111192,0.7092526399732163,0.2827376125838552,0.5753321202457531,0.008970424841119304,0.0025395533110377354,0.02320319766711079,0.23817269758406734,0.6763827512776659
2025-04-12,0.6759275960509148,0.6763055168139793,0.6761856950588453,0.6763827512776659,0.0001248685894889638,0.6800473630100418,0.6745470680368062,0.0,0.0,0.8333333333333333,0.3666666666666667,0.2727272727272727,1.0,0.0,0.0,0.0,0.3568958678922094,0.6800473630100418,0.14677207043649465,0.6745470680368062,0.709504433371697,0.2816700749717431,0.6230788665392838,0.00900449408272434,0.007646699926117509,0.01683776264031469,0.23789204772062614,0.6917873052692087
2025-04-13,0.6912735301282517,0.6917643177314555,0.6915706660427251,0.6917873052692087,0.0025366570698044455,0.6508612476514971,0.6767616041994508,0.0,0.0,1.0,0.4,0.2727272727272727,1.0,0.0,0.0,0.0990311320975808,0.8019377358048383,0.6508612476514971,0.1486268435477916,0.6767616041994508,0.7089342682921556,0.2858931070889861,0.643019114560693,0.010220882166604363,0.13712837391443783,0.019512881550711212,0.23929604082838243,0.6786366807564285
2025-04-14,0.6790891989511585,0.6790616742927114,0.678805276307023,0.6786366807564285,0.0024748666016970204,0.6026660678831788,0.683257816611624,0.0,0.0,0.0,0.43333333333333335,0.2727272727272727,0.0,0.0,0.0,0.5,1.0,0.6026660678831788,0.12684336620330125,0.683257816611624,0.7087635729080941,0.2960971703596571,0.6133705756406654,0.011127582992984867,0.12303617165104555,0.02203547640079261,0.21096390548643507,0.6863957113721687
2025-04-15,0.6856474983006384,0.6862844281560943,0.6859422159305414,0.6863957113721687,0.0025423848652735993,0.6377795631245833,0.6899122101782718,0.0,0.0,0.16666666666666666,0.4666666666666667,0.2727272727272727,0.0,0.0,0.0,0.9009688679024191,0.8019377358048384,0.6377795631245833,0.12684827964445394,0.6899122101782718,0.7089774733478724,0.30597497413189023,0.6150762508430154,0.010052001004426754,0.13971207754728102,0.025206010664081437,0.24629109151811318,0.6779069913568291
2025-04-16,0.6779380512285057,0.6779105732280645,0.6780510315513557,0.6779069913568291,0.0024173525650794166,0.610327728778843,0.6985894051748677,0.0,0.0,0.3333333333333333,0.5,0.2727272727272727,0.0,0.0,0.0,1.0,0.3568958678922095,0.610327728778843,0.11754166385099274,0.6985894051748677,0.7089048746886761,0.31937692184280175,0.5899895340952666,0.008191327633942945,0.16245696407588794,0.006839487277597092,0.223436582327841,0.6809068255551821
2025-04-17,0.6812861076331227,0.681266600275697,0.6811166715260034,0.6809068255551821,0.01164280525534162,0.6296962510660445,0.7001999769295182,0.0,0.0,0.5,0.5333333333333333,0.2727272727272727,0.0,0.0,0.0,0.7225209339563144,5.551115123125783e-17,0.6296962510660445,0.07812139885123143,0.7001999769295182,0.7081852626131308,0.32293439994067663,0.5920901119742709,0.012061632624002101,0.534557902721602,0.01794276875483372,0.21316773022425275,0.6889901625707444
2025-04-18,0.6886550743929216,0.688894671415364,0.6889429746358843,0.6889901625707444,0.0022357041566811032,0.6382849572842283,0.7066494540005966,0.0,0.0,0.6666666666666666,0.5666666666666667,0.2727272727272727,0.0,0.0,0.0,0.27747906604368566,0.0,0.6382849572842283,0.06009646058636558,0.7066494540005966,0.7073130162833727,0.3341616346318925,0.594714168911793,0.013292442650631918,0.09325288055606977,0.010405631282811875,0.23413755837926098,0.6847822870330545
2025-04-19,0.6846990174305654,0.6846712653964835,0.6849852172082969,0.6847822870330545,0.00013738997797296717,0.6175478983401553,0.7078909363948065,0.0,0.0,0.8333333333333333,0.6,0.2727272727272727,1.0,0.0,0.0,0.0,0.3568958678922094,0.6175478983401553,0.03772290879792885,0.7078909363948065,0.7062608669347286,0.33768718008211485,0.5868795217852443,0.01329946577017248,0.0057276465890844135,0.00030781616271635925,0.22680185072196293,0.6896874213303616
2025-04-20,0.6896278752853042,0.6896080298216241,0.6898999733581288,0.6896874213303616,0.0002839069007167391,0.632854224256057,0.7075805657962541,0.0,0.0,1.0,0.6333333333333333,0.2727272727272727,1.0,0.0,0.0,0.0990311320975808,0.8019377358048383,0.632854224256057,0.029469559795497972,0.7075805657962541,0.7055908344313172,0.33824315969278906,0.594409542819554,0.012035921095974959,0.013062553641926994,0.0012224651479888098,0.22609294487947654,0.690919785649685
2025-04-21,0.6906249961999965,0.6909780022154643,0.690921853349678,0.690919785649685,3.709025068324848e-05,0.6266531871329251,0.7093960540464741,0.0,0.0,0.0,0.6666666666666666,0.2727272727272727,0.0,0.0,0.0,0.5,1.0,0.6266531871329251,0.019859833676803287,0.7093960540464741,0.7048832631090044,0.3421336857035293,0.5936344093610376,0.010668597116833711,0.0019221098735432416,0.01434322804793596,0.23293683140100038,0.7096160495994208
2025-04-22,0.7093352000301568,0.7096307032700594,0.7096400995440874,0.7096160495994208,0.0002611082152338164,0.6558037583078219,0.7128281057617414,0.0,0.0,0.16666666666666666,0.7,0.2727272727272727,0.0,0.0,0.0,0.9009688679024191,0.8019377358048384,0.6558037583078219,0.031102703876233984,0.7128281057617414,0.7060069486974422,0.3456736205766364,0.6156812331612258,0.009389052229396748,0.015345444135967716,0.011885035140849093,0.2323155430269683,0.7593565436721132
2025-04-23,0.7577887911449177,0.7592334315417095,0.7581145178733704,0.7593565436721132,0.0010498686181009478,0.7054413682389166,0.7248666502909227,0.0,0.0,0.3333333333333333,0.7333333333333333,0.2727272727272727,0.0,0.0,0.0,1.0,0.3568958678922095,0.7054413682389166,0.07033285041874059,0.7248666502909227,0.7099389629074716,0.35801686475362415,0.6689964766267595,0.008622044381848793,0.0670933738380293,0.05061937057401425,0.2659406543674099,0.7600294794517438
2025-04-24,0.7597992463225086,0.7599062582203411,0.7600285153178594,0.7600294794517438,0.0016093182907768865,0.6256143600620112,0.7365612706433297,0.0,0.0,0.5,0.7666666666666667,0.2727272727272727,0.0,0.0,0.0,0.7225209339563144,5.551115123125783e-17,0.6256143600620112,0.07127823975041056,0.7365612706433297,0.7139513668523184,0.36957473120928896,0.6529067715764477,0.002994363517956047,0.2866418826931671,0.008044382801664356,0.23044800010829486,0.7618537029507423
2025-04-25,0.7620691150714015,0.7622408857317376,0.762088495618284,0.7618537029507423,0.005849526744332799,0.6273606602855754,0.7473307709104761,0.0,0.0,0.6666666666666666,0.8,0.2727272727272727,0.0,0.0,0.0,0.27747906604368566,0.0,0.6273606602855754,0.07278607453736595,0.7473307709104761,0.7180204331653184,0.37951478012832784,0.6401849942316432,0.005021319878576891,0.6338745411722001,0.01742367833209233,0.2186759091041914,0.7678614790074441
2025-04-26,0.7678248536846658,0.7678342641444584,0.7679845809663497,0.7678614790074441,0.0006636262212113455,0.6336878292709311,0.7596101821976075,0.0,0.0,0.8333333333333333,0.8333333333333334,0.2727272727272727,1.0,0.0,0.0,0.0,0.3568958678922094,0.6336878292709311,0.06872905643665365,0.7596101821976075,0.721395031328641,0.3927136497909183,0.6314124356399605,0.005316480439049888,0.06803320996853573,0.007136824324324324,0.22531618704830791,0.7678695866674397
2025-04-27,0.7673546665866808,0.7677532006892016,0.7676845050958154,0.7678695866674397,0.0002963505193202775,0.6246043801039832,0.7711657948688094,0.0,0.0,1.0,0.8666666666666667,0.2727272727272727,1.0,0.0,0.0,0.0990311320975808,0.8019377358048383,0.6246043801039832,0.07052057710961399,0.7711657948688094,0.7257176617391264,0.40319542432277644,0.6159186841035709,0.005323459938254903,0.030342366292740695,0.014557055629502862,0.23784497148661934,0.7603213552115836
2025-04-28,0.7602045800276681,0.7605547658623957,0.7605232349963078,0.7603213552115836,0.0007410744801771319,0.6132538880802364,0.781423603068072,0.0,0.0,0.0,0.9,0.2727272727272727,0.0,0.0,0.0,0.5,1.0,0.6132538880802364,0.07470886658671126,0.781423603068072,0.729458440456639,0.41254963182840587,0.5926521293043243,0.005718317537691359,0.07077485075669558,0.013307741522712732,0.22744494579173993,0.7702775616861176
2025-04-29,0.7704189893976863,0.7704607200947795,0.7705149504692335,0.7702775616861176,0.0015446718222984494,0.6396960350118326,0.790389598505792,0.0,0.0,0.16666666666666666,0.9333333333333333,0.2727272727272727,0.0,0.0,0.0,0.9009688679024191,0.8019377358048384,0.6396960350118326,0.07287279946873124,0.790389598505792,0.7334244520875605,0.4195353310161485,0.5942480667662241,0.0064382553194992165,0.13141181174555516,0.010395622895622895,0.22066768190298525,0.7641968166894559
2025-04-30,0.7642903437756754,0.7642593657676325,0.764278238457318,0.7641968166894559,0.002527676873733974,0.6154867742050135,0.7911050087271658,0.0,0.0,0.3333333333333333,0.9666666666666667,0.2727272727272727,0.0,0.0,0.0,1.0,0.3568958678922095,0.6154867742050135,0.01704386651278763,0.7911050087271658,0.7372417250020797,0.4145290913296704,0.5854783173782173,0.007267142950499341,0.19102403884840244,0.011582028764159348,0.22189781087142343,0.7632238974899901
2025-05-01,0.7634553563430468,0.7634244121784872,0.7634591124323461,0.7632238974899901,1.3851939215634123e-05,0.6231237412311774,0.791577155506431,0.0,0.0,0.5,0.0,0.36363636363636365,0.0,0.0,0.0,0.7225209339563144,5.551115123125783e-17,0.6231237412311774,0.01717472046737964,0.791577155506431,0.7428562574064576,0.40641117674279714,0.5836304797434326,0.0063722620893015966,0.0011903585770110942,0.0110425669721069,0.2182637583758511,0.7830714491590938
2025-05-02,0.782716814012224,0.7831066191148439,0.7830532557623691,0.7830714491590938,0.0026364546123172597,0.6545869726475702,0.7947132167280981,0.0,0.0,0.6666666666666666,0.03333333333333333,0.36363636363636365,0.0,0.0,0.0,0.27747906604368566,0.0,0.6545869726475702,0.030795177883041827,0.7947132167280981,0.7490455587077893,0.40139564961748886,0.6052994026868128,0.0045700825862522955,0.3129803516120595,0.014002092028542724,0.23346424557887985,0.7858037305775938
2025-05-03,0.7857081767563008,0.7856763306464852,0.7859161417704394,0.7858037305775938,0.00029599595870202306,0.628616731436662,0.7973651477497065,0.0,0.0,0.8333333333333333,0.06666666666666668,0.36363636363636365,1.0,0.0,0.0,0.0,0.3568958678922094,0.628616731436662,0.0304424928670452,0.7973651477497065,0.756322777477662,0.39411674678650876,0.6054524260063643,0.004363882508391196,0.036741951185889694,0.004291934052782535,0.22680185072196293,0.7770636731023921
2025-05-04,0.7769853954212694,0.7769539028608511,0.777303153270239,0.7770636731023921,0.00012712107078291602,0.6117632422725218,0.7987240676676929,0.0,0.0,1.0,0.1,0.36363636363636365,1.0,0.0,0.0,0.0990311320975808,0.8019377358048383,0.6117632422725218,0.03392740690585323,0.7987240676676929,0.760998839409503,0.38902053788263546,0.5925356086359228,0.004268963430656374,0.016118110912503918,0.0005425143453312467,0.22638237963419602,0.764213032009447
2025-05-05,0.7644281572354296,0.7643971736415691,0.7642539079813288,0.764213032009447,0.0011540858754480801,0.605517437913743,0.7992992718657823,0.0,0.0,0.0,0.13333333333333333,0.36363636363636365,0.0,0.0,0.0,0.5,1.0,0.605517437913743,0.03736676527287084,0.7992992718657823,0.7661905288915377,0.38211192231811686,0.5753624370766448,0.004500617324656005,0.13904886737138542,0.01709419836481055,0.2187009846496339,0.7681452471072883
2025-05-06,0.7678653870551817,0.7680207100915492,0.76819544509159,0.7681452471072883,0.00020568612274134433,0.6305271016682901,0.7989841078989126,0.0,0.0,0.16666666666666666,0.16666666666666669,0.36363636363636365,0.0,0.0,0.0,0.9009688679024191,0.8019377358048384,0.6305271016682901,0.034900144635367024,0.7989841078989126,0.7701986831587729,0.37577133525074524,0.5807860558824345,0.0037495938544470655,0.029548899815629928,0.006313011348640802,0.23168305941310324,0.7854064552378118
2025-05-07,0.7848083359308469,0.7855466291180743,0.7851456766974461,0.7854064552378118,0.008180181906285588,0.650511220268787,0.8021189707785003,0.0,0.0,0.3333333333333333,0.2,0.36363636363636365,0.0,0.0,0.0,1.0,0.3568958678922095,0.650511220268787,0.04047498652954022,0.8021189707785003,0.7742879354404275,0.3742182888585093,0.5989670849426343,0.006920026478428467,0.6485322361670234,0.02551257553065124,0.2396758414944279,0.7872955400167747
2025-05-08,0.786786364412025,0.7871678982232108,0.7871245554112397,0.7872955400167747,7.467298314705807e-05,0.627366467904351,0.8056768484120997,0.0,0.0,0.5,0.23333333333333334,0.36363636363636365,0.0,0.0,0.0,0.7225209339563144,5.551115123125783e-17,0.627366467904351,0.04003717891686356,0.8056768484120997,0.7790341170528581,0.37232383351336407,0.5969411307398353,0.006954140383819853,0.005891732165445966,0.013661793342193924,0.2373651240499663,0.8363630983098367
2025-05-09,0.8368450769992173,0.8368111582224893,0.836620853732072,0.8363630983098367,0.006966390539666111,0.6964787964851604,0.8135535508996877,0.0,0.0,0.6666666666666666,0.26666666666666666,0.36363636363636365,0.0,0.0,0.0,0.27747906604368566,0.0,0.6964787964851604,0.07228071842081901,0.8135535508996877,0.7855846409511662,0.37384758175964494,0.6489921204044912,0.009382757438516938,0.40968804130404674,0.018133560648623516,0.2127810151886262,0.8349847961105934
2025-05-10,0.8348832618662455,0.8348494226052742,0.8352421267593468,0.8349847961105934,1.1957666282922585e-06,0.6226913764158089,0.8208226939530436,0.0,0.0,0.8333333333333333,0.3,0.36363636363636365,1.0,0.0,0.0,0.0,0.3568958678922094,0.6226913764158089,0.07310709903192754,0.8208226939530436,0.792445745454914,0.37407205209914673,0.6379544479497787,0.009217407006960644,7.156279294851707e-05,0.0,0.22680185072196293,0.848865110022973
2025-05-11,0.84961308871174,0.8499839697017231,0.8491267183905552,0.848865110022973,0.009232224287386848,0.6437662231628555,0.8314352114077947,0.0,0.0,1.0,0.3333333333333333,0.36363636363636365,1.0,0.0,0.0,0.0990311320975808,0.8019377358048383,0.6437662231628555,0.06865670441319663,0.8314352114077947,0.7997821055715465,0.37816421314341064,0.6417520818635093,0.014324366862175154,0.3576380191926872,0.038450896392485376,0.2066620636089379,0.8441221289255769
2025-05-12,0.8441735103885002,0.8441392945777061,0.844374165413985,0.8441221289255769,0.0009356512192669844,0.6181474592538438,0.843246070941899,0.0,0.0,0.0,0.3666666666666667,0.36363636363636365,0.0,0.0,0.0,0.5,1.0,0.6181474592538438,0.06300068068684708,0.843246070941899,0.8065582165230646,0.38458266228869187,0.621357473974173,0.014201849083566106,0.03655458337223829,0.004993374176573393,0.2231340264335826,0.8333713717714791
2025-05-13,0.8332943537420205,0.8332605788822405,0.8335795442334136,0.8333713717714791,0.0005528245324321901,0.6099020427360423,0.8528867329702948,0.0,0.0,0.16666666666666666,0.4,0.36363636363636365,0.0,0.0,0.0,0.9009688679024191,0.8019377358048384,0.6099020427360423,0.06931917917894015,0.8528867329702948,0.8130485366552099,0.3883965588646483,0.5968728522464843,0.014396555489448607,0.02130908232848655,0.002276353165492821,0.2262151600370755,0.8437005306058084
2025-05-14,0.8440762302992619,0.8440420184313979,0.8439037762115259,0.8437005306058084,0.005685553292186762,0.6388883427609905,0.8615028125208437,0.0,0.0,0.3333333333333333,0.43333333333333335,0.36363636363636365,0.0,0.0,0.0,1.0,0.3568958678922095,0.6388883427609905,0.06807294393070014,0.8615028125208437,0.8197757763141958,0.3904622988603854,0.5991424900069086,0.012997343653756323,0.24246967746534756,0.01648003380519755,0.21541097849991936,0.8393467171881986
2025-05-15,0.8391149457481102,0.839218742843617,0.8394756295814793,0.8393467171881986,5.755007631830674e-05,0.6186400467837131,0.8691961686702906,0.0,0.0,0.5,0.4666666666666667,0.36363636363636365,0.0,0.0,0.0,0.7225209339563144,5.551115123125783e-17,0.6186400467837131,0.06979182104912228,0.8691961686702906,0.8262590136503222,0.3916191954049113,0.5851426664934272,0.012987739589343352,0.002456110244464158,0.0042699538226713294,0.2299091640332026,0.8414709241070325
2025-05-16,0.8414334545416223,0.8414155624810769,0.8417059232138288,0.8414709241070325,0.0014261300971092562,0.6275112949724199,0.8699511241802831,0.0,0.0,0.6666666666666666,0.5,0.36363636363636365,0.0,0.0,0.0,0.27747906604368566,0.0,0.6275112949724199,0.02412555339382217,0.8699511241802831,0.8320183892332916,0.38469604046907313,0.5867842384758489,0.009880263815101218,0.07971157524386568,0.00325626204238921,0.22525247485443084,0.8389089035484391
2025-05-17,0.8390257723329752,0.8389917651688978,0.8391593333936188,0.8389089035484391,0.00036990908050763466,0.6210803497747278,0.87053112174669,0.0,0.0,0.8333333333333333,0.5333333333333333,0.36363636363636365,1.0,0.0,0.0,0.0,0.3568958678922094,0.6210803497747278,0.024338319851728504,0.87053112174669,0.8354932089602851,0.3807270881605953,0.5831121185375404,0.010087071365468258,0.020258065138375747,0.007033612552293169,0.2215577022355115,0.8363874212898234
2025-05-18,0.8363424632048196,0.836308564799897,0.8365640826214303,0.8363874212898234,0.006186878259591784,0.6211253620785883,0.8686868732865655,0.0,0.0,1.0,0.5666666666666667,0.36363636363636365,1.0,0.0,0.0,0.0990311320975808,0.8019377358048383,0.6211253620785883,0.016248598143830728,0.8686868732865655,0.8388284976057016,0.3738397982698902,0.5822351826322204,0.008378967729605552,0.40664363991572827,0.004284108091342612,0.22543789477297868,0.8643020946544981
2025-05-19,0.8634836081022965,0.8644862218471687,0.8632627249403193,0.8643020946544981,0.007013343193061033,0.6630883771448626,0.8716695467220754,0.0,0.0,0.0,0.6,0.36363636363636365,0.0,0.0,0.0,0.5,1.0,0.6630883771448626,0.03870934450696173,0.8716695467220754,0.8433034081305987,0.3717128503594571,0.6116426678871456,0.011787883387576817,0.3293857361248628,0.049061209162598575,0.2434097869362715,0.8561214657189893
2025-05-20,0.8562686681504582,0.8563312382483323,0.8563853103940199,0.8561214657189893,0.0013148644154222615,0.6136749245990841,0.8750320945967403,0.0,0.0,0.16666666666666666,0.6333333333333333,0.36363636363636365,0.0,0.0,0.0,0.9009688679024191,0.8019377358048384,0.6136749245990841,0.03707916598954515,0.8750320945967403,0.8471585740038204,0.37091506977916966,0.5981730390190134,0.012215303813015357,0.05961960630533,0.010584114361450346,0.22090203335645978,0.8664911628532964
2025-05-21,0.8664911841945796,0.8664560638099096,0.8667582033241107,0.8664911628532964,0.0005835181374923427,0.6385630789366092,0.8784006341818018,0.0,0.0,0.3333333333333333,0.6666666666666666,0.36363636363636365,0.0,0.0,0.0,1.0,0.3568958678922095,0.6385630789366092,0.036998643529318316,0.8784006341818018,0.8514663305426656,0.3695362922123302,0.6064162286752186,0.009353624148868062,0.03442139483427861,0.003162099709049406,0.2243569210790933,0.889395302340722
2025-05-22,0.889230405054025,0.8896726373954638,0.8893693256768028,0.889395302340722,0.0016307321106351145,0.6550811944862671,0.8857979998376486,0.0,0.0,0.5,0.7,0.36363636363636365,0.0,0.0,0.0,0.7225209339563144,5.551115123125783e-17,0.6550811944862671,0.04161033265352118,0.8857979998376486,0.8571042361739067,0.37153981112072887,0.6244510749962362,0.01023600596300825,0.08802694060287969,0.021094661610268378,0.2280846874996814,0.9052619929520112
2025-05-23,0.9058166602691496,0.9057799459549944,0.9055409820510023,0.9052619929520112,0.0001526350996673044,0.6451693535572299,0.8952265553179989,0.0,0.0,0.6666666666666666,0.7333333333333333,0.36363636363636365,0.0,0.0,0.0,0.27747906604368566,0.0,0.6451693535572299,0.04192936130175653,0.8952265553179989,0.8630003097200457,0.3757370028556699,0.631768594730434,0.00952171556200626,0.008847447179386746,0.019079665658391653,0.2120494885460508,0.8695234276916317
2025-05-24,0.8699608407107445,0.8699255796949016,0.8696373096495073,0.8695234276916317,3.7473774380813066e-05,0.5790559881969307,0.8997514950096361,0.0,0.0,0.8333333333333333,0.7666666666666667,0.36363636363636365,1.0,0.0,0.0,0.0,0.3568958678922094,0.5790559881969307,0.0679914768075231,0.8997514950096361,0.8676009398742828,0.3754272092818829,0.5859057117097801,0.009335255977479015,0.002214834730241201,0.02083508046105536,0.21425131282986237,0.8739421023892058
2025-05-25,0.8738439376061721,0.8739057953480116,0.8742114391354895,0.8739421023892058,1.3696253544984926e-05,0.6304536376634771,0.9053022155211998,0.0,0.0,1.0,0.8,0.36363636363636365,1.0,0.0,0.0,0.0990311320975808,0.8019377358048383,0.6304536376634771,0.06717908428518438,0.9053022155211998,0.8724370729961564,0.376093700262615,0.5848366064248035,0.005872780930922388,0.0012745131554212916,0.003135494165012338,0.22661536162308143,0.8837199403438377
2025-05-26,0.8845123207259689,0.8844764699135014,0.8839922904831748,0.8837199403438377,0.0003476288122579047,0.6374970697955247,0.9081722448012505,0.0,0.0,0.0,0.8333333333333334,0.36363636363636365,0.0,0.0,0.0,0.5,1.0,0.6374970697955247,0.058866138469374184,0.9081722448012505,0.876833364485241,0.3739981037908562,0.5927343693391085,0.0021340494811778084,0.08519168524746273,0.026449401543339992,0.2063512223991408,0.8872710954218882
2025-05-27,0.8874307234031169,0.8875163494856322,0.8875445399776078,0.8872710954218882,0.0006904207173161647,0.6292271892766558,0.9127762750701252,0.0,0.0,0.16666666666666666,0.8666666666666667,0.36363636363636365,0.0,0.0,0.0,0.9009688679024191,0.8019377358048384,0.6292271892766558,0.05663463821785195,0.9127762750701252,0.8812654240942221,0.3740148342360621,0.5916926905470535,0.0017838053573930176,0.19976844923266834,0.011399967115479474,0.22074192770754347,0.8834442799039891
2025-05-28,0.8834260263961415,0.88339021961306,0.8832380457275075,0.8834442799039891,0.0018812381608796645,0.6196174097078762,0.9152820083580525,0.0,0.0,0.3333333333333333,0.9,0.36363636363636365,0.0,0.0,0.0,1.0,0.3568958678922095,0.6196174097078762,0.05672865713379013,0.9152820083580525,0.8859120924225836,0.37118650083528903,0.5846890973519064,0.0025116833292386804,0.39573147709526224,0.016700311983850247,0.22477271995766196,0.8742583011290322
2025-05-29,0.8740303911105455,0.8741165603316794,0.8740330156449015,0.8742583011290322,6.317376520263574e-05,0.6125988683063281,0.9130447036959002,0.0,0.0,0.5,0.9333333333333333,0.36363636363636365,0.0,0.0,0.0,0.7225209339563144,5.551115123125783e-17,0.6125988683063281,0.049609231416429034,0.9130447036959002,0.8907188319409778,0.3624032279573077,0.5768118765469382,0.0016324557850378066,0.01982689255655595,0.014709564927055026,0.22959859048711476,0.8562998342388914
2025-05-30,0.8558390144229893,0.8562420684475498,0.8562068869034319,0.8562998342388914,0.0002037959352807773,0.6008990455837683,0.9058079158786868,0.0,0.0,0.6666666666666666,0.9666666666666667,0.36363636363636365,0.0,0.0,0.0,0.27747906604368566,0.0,0.6008990455837683,0.04569329424584195,0.9058079158786868,0.8945693939967871,0.34882516185809864,0.5643486646031683,0.001661151377764397,0.06294996270598792,0.013298350966593101,0.23517998878966778,0.8443977893654256
2025-05-31,0.8429575092730218,0.8443905912890023,0.8432306330424895,0.8443977893654256,0.003984295062063542,0.608560163488397,0.9020942537747716,0.0,0.0,0.8333333333333333,0.9999999999999999,0.36363636363636365,1.0,0.0,0.0,0.0,0.3568958678922094,0.608560163488397,0.02727234886446396,0.9020942537747716,0.8971461151885528,0.34117089961150615,0.5548271487508263,0.003874883324827347,0.5545875741235525,0.04800553910066546,0.2586999549301675,0.8489137559829464
2025-06-01,0.8482917008329203,0.8487761242183964,0.8486563291880961,0.8489137559829464,0.00182906580613613,0.6307609398340634,0.8983949717758085,0.0,0.0,1.0,0.0,0.4545454545454545,1.0,0.0,0.0,0.0990311320975808,0.8019377358048383,0.6307609398340634,0.027381272419026464,0.8983949717758085,0.8998375776758287,0.3334395512559567,0.5639176492327135,0.004893105656514397,0.2032381544938465,0.015901228905070428,0.2390966514826098,0.8567538631986421
2025-06-02,0.8566496818333081,0.8566149603417312,0.8570179027697408,0.8567538631986421,0.00029181943889259226,0.6352446944798692,0.8944092860198801,0.0,0.0,0.0,0.03333333333333333,0.4545454545454545,0.0,0.0,0.0,0.5,1.0,0.6352446944798692,0.026123752309314803,0.8944092860198801,0.9007282392752365,0.3275614899652235,0.5772002169606606,0.004861802746207837,0.032628094206802044,0.0,0.22680185072196293,0.8581240577378899
2025-06-03,0.8583764034172874,0.8583416119387015,0.8583885195838028,0.8581240577378899,7.757727963520673e-06,0.6264368734290068,0.8901012462446056,0.0,0.0,0.16666666666666666,0.06666666666666668,0.4545454545454545,0.0,0.0,0.0,0.9009688679024191,0.8019377358048384,0.6264368734290068,0.025306248477653052,0.8901012462446056,0.9017389542671687,0.32116399036917365,0.5835214342056322,0.004478904013669906,0.0009390619728533543,0.010803664179809236,0.21844847757271302,0.8546296562798084
2025-06-04,0.8546149066334077,0.854580267614785,0.8548930412000115,0.8546296562798084,0.0017691676776576339,0.6198952531571079,0.8858423384945846,0.0,0.0,0.3333333333333333,0.1,0.4545454545454545,0.0,0.0,0.0,1.0,0.3568958678922095,0.6198952531571079,0.02531185835582348,0.8858423384945846,0.9019907476656494,0.3157366194329456,0.5842280205159548,0.004416044818649942,0.21710041789434836,0.0027128032933052566,0.22470431623622394,0.8492948160027372
2025-06-05,0.8490050881540009,0.8491571224581035,0.8493700231504479,0.8492948160027372,0.0002653492271392425,0.6173921361328935,0.8821526432322564,0.0,0.0,0.5,0.13333333333333333,0.4545454545454545,0.0,0.0,0.0,0.7225209339563144,5.551115123125783e-17,0.6173921361328935,0.024539981693640904,0.8821526432322564,0.9022166888586602,0.31102789625127714,0.5821682545913465,0.004529442980456262,0.03177359069996763,0.005709702675348979,0.2312165822634706,0.8231313971971009
2025-06-06,0.8232582912022725,0.8232330294669714,0.8233850747939107,0.8231313971971009,0.0024549155267762413,0.5890594479637361,0.8772502257856228,0.0,0.0,0.6666666666666666,0.16666666666666669,0.4545454545454545,0.0,0.0,0.0,0.27747906604368566,0.0,0.5890594479637361,0.033497059448447664,0.8772502257856228,0.9017694102900511,0.30565021808583337,0.5571475483490095,0.005792073080254538,0.23154402447104397,0.0074243289548829245,0.22125932081122807,0.8465138886242639
2025-06-07,0.8464271657891868,0.8464090713248972,0.8467504419022701,0.8465138886242639,8.168339800500467e-05,0.6573574764392813,0.877562993068334,0.0,0.0,0.8333333333333333,0.2,0.4545454545454545,1.0,0.0,0.0,0.0,0.3568958678922094,0.6573574764392813,0.0467629385297129,0.877562993068334,0.9018922968009833,0.30588289988479733,0.5840785429641987,0.00360313786176147,0.012191990848038358,0.001743027888446215,0.22641679188268105,0.8562674035989092
2025-06-08,0.8561794947353232,0.856161004992293,0.8565312932499555,0.8562674035989092,9.155896906885848e-05,0.6378820441002149,0.8786498893343073,0.0,0.0,1.0,0.23333333333333334,0.4545454545454545,1.0,0.0,0.0,0.0990311320975808,0.8019377358048383,0.6378820441002149,0.048050320175953634,0.8786498893343073,0.9026313865655812,0.30632538158181943,0.594219569250702,0.0026285879358603622,0.01845109230755724,0.0009846713186074476,0.22642117770136572,0.8573781530182994
2025-06-09,0.8575738426810717,0.857539083731659,0.8575045122895262,0.8573781530182994,1.9404168814864305e-05,0.6260884359193327,0.8787421616744174,0.0,0.0,0.0,0.26666666666666666,0.4545454545454545,0.0,0.0,0.0,0.5,1.0,0.6260884359193327,0.04706943861821117,0.8787421616744174,0.9033262088550595,0.3056231251960193,0.5954086633746483,0.0024757929795442848,0.004137493493918674,0.013271450312408426,0.21977084978988487,0.8937896540583095
2025-06-10,0.8942160096274862,0.8941797655077431,0.8938947942108065,0.8937896540583095,0.0020342150540647716,0.6735767601614328,0.8840136684814918,0.0,0.0,0.16666666666666666,0.3,0.4545454545454545,0.0,0.0,0.0,0.9009688679024191,0.8019377358048384,0.6735767601614328,0.06552504066325773,0.8840136684814918,0.9057233811677399,0.30914804443674204,0.6316136797954846,0.0036124122980196742,0.3028776059453,0.020505661266782098,0.2147739657045022,0.893959914918216
2025-06-11,0.8940619828195255,0.8940257449427551,0.8941462091293623,0.893959914918216,0.0001667416513433723,0.6248119232339812,0.8898268259084336,0.0,0.0,0.3333333333333333,0.3333333333333333,0.4545454545454545,0.0,0.0,0.0,1.0,0.3568958678922095,0.6248119232339812,0.0647792460217136,0.8898268259084336,0.9082381278943381,0.3131643842265419,0.6250485948605015,0.0027136278259870567,0.03260577932388378,0.008722300801508723,0.22206277672827388,0.8807038908254936
2025-06-12,0.880912957424153,0.8808772525000984,0.8809590911431795,0.8807038908254936,0.0004437140467337067,0.6074885401260857,0.8944692031238477,0.0,0.0,0.5,0.3666666666666667,0.4545454545454545,0.0,0.0,0.0,0.7225209339563144,5.551115123125783e-17,0.6074885401260857,0.06773137904008172,0.8944692031238477,0.9089545527116749,0.3178727165593116,0.6045418356371747,0.002813670840501203,0.0838425032043658,0.009809515045550748,0.2195871371545761,0.8563890184988424
2025-06-13,0.8570388021902612,0.8572634679837858,0.8566286151539125,0.8563890184988424,0.01607912067617008,0.5927476131344169,0.8993848023333542,0.0,0.0,0.6666666666666666,0.4,0.4545454545454545,0.0,0.0,0.0,0.27747906604368566,0.0,0.5927476131344169,0.0654319951172406,0.8993848023333542,0.9089662393251065,0.3237323728362249,0.5713607610251475,0.010455349040291325,0.8500078453776361,0.031477890754315445,0.2091183026022723,0.8601428650767816
2025-06-14,0.8602166184387113,0.8603033475559166,0.860407949090912,0.8601428650767816,7.378618034969334e-05,0.6296481008904282,0.9013992153687468,0.0,0.0,0.8333333333333333,0.43333333333333335,0.4545454545454545,1.0,0.0,0.0,0.0,0.3568958678922094,0.6296481008904282,0.05902082969299379,0.9013992153687468,0.9086889478609569,0.3264679549945406,0.5734453408293085,0.010450919571171193,0.0039022673054859387,0.00906546547678506,0.22263409869931777,0.8551242235395368
2025-06-15,0.8550121336644639,0.8550017975821205,0.8553796507197968,0.8551242235395368,3.833154114400798e-05,0.6178623002562702,0.9012302491355579,0.0,0.0,1.0,0.4666666666666667,0.4545454545454545,1.0,0.0,0.0,0.0990311320975808,0.8019377358048383,0.6178623002562702,0.058382769850789946,0.9012302491355579,0.9071919989223101,0.32804341906737977,0.567928446700503,0.010421064847820793,0.002032930479397201,0.0007395117326380659,0.22699244708964464,0.8558620205991317
2025-06-16,0.8561227480166008,0.8560880478825619,0.8560771243648225,0.8558620205991317,0.00016374608832571,0.6255873791594824,0.9010061591667189,0.0,0.0,0.0,0.5,0.4545454545454545,0.0,0.0,0.0,0.5,1.0,0.6255873791594824,0.05837168317575674,0.9010061591667189,0.9050342251150769,0.3303468985199489,0.5690081758309349,0.010502024763467028,0.008618371558504822,0.012555391432791727,0.21823614005787834,0.8656317508937682
2025-06-17,0.8661831305786585,0.8662696178628189,0.8658498655538447,0.8656317508937682,0.0057631576745523555,0.6377587459728827,0.8968443171251256,0.0,0.0,0.16666666666666666,0.5333333333333333,0.4545454545454545,0.0,0.0,0.0,0.9009688679024191,0.8019377358048384,0.6377587459728827,0.03210778538908628,0.8968443171251256,0.9048642380106174,0.3255547063263604,0.5846706044741043,0.012593550780492397,0.2535641534247506,0.02481914405772416,0.21156264075706213,0.8477948989035606
2025-06-18,0.8480566072839277,0.8480546594666107,0.8480561774470274,0.8477948989035606,0.0019995474883632096,0.6008249886870396,0.8900209573252889,0.0,0.0,0.3333333333333333,0.5666666666666667,0.4545454545454545,0.0,0.0,0.0,1.0,0.3568958678922095,0.6008249886870396,0.035368785974446836,0.8900209573252889,0.9037221371525299,0.31871490687485515,0.5717311721282358,0.013621552946903237,0.0814101471211209,0.012177753137635375,0.2181546725897731,0.850665010541985
2025-06-19,0.8505291428854004,0.8505270948519438,0.8508947329791086,0.850665010541985,2.572643695847232e-05,0.6284970193363729,0.8855810999212856,0.0,0.0,0.5,0.6,0.4545454545454545,0.0,0.0,0.0,0.7225209339563144,5.551115123125783e-17,0.6284970193363729,0.035651372295789366,0.8855810999212856,0.9022783091840268,0.3150822230120429,0.5799368414179702,0.013387107944763502,0.0010655673939006286,0.000991212519776596,0.2275682544077954,0.848848894702982
2025-06-20,0.848583541100635,0.848711273454191,0.8489482948999673,0.848848894702982,0.0004077510580654705,0.6221296922010752,0.8844666417874872,0.0,0.0,0.6666666666666666,0.6333333333333333,0.4545454545454545,0.0,0.0,0.0,0.27747906604368566,0.0,0.6221296922010752,0.023175583404870637,0.8844666417874872,0.9006000406672898,0.31572469565019845,0.5790739641623919,0.004597196000663678,0.04812899216466669,0.004967425154276762,0.23064265465792688,0.8376035702891557
2025-06-21,0.8376152110390203,0.8375812610474291,0.8378617080075246,0.8376035702891557,1.5121900936264822e-05,0.6093118115641707,0.8811352508068856,0.0,0.0,0.8333333333333333,0.6666666666666666,0.4545454545454545,1.0,0.0,0.0,0.0,0.3568958678922094,0.6093118115641707,0.024846687054709694,0.8811352508068856,0.898597734232677,0.3140749649386423,0.5697247383734146,0.004564291802570334,0.0017973628913722547,0.003522728372480136,0.22407808366395207,0.8296580634935178
2025-06-22,0.8284465626283135,0.8301153168182757,0.8287377795115495,0.8296580634935178,0.015564537950404437,0.6136507320766189,0.8773712583356374,0.0,0.0,1.0,0.7,0.4545454545454545,1.0,0.0,0.0,0.0990311320975808,0.8019377358048383,0.6136507320766189,0.025472351978750564,0.8773712583356374,0.8966496111876107,0.3118296182117257,0.5646294128812429,0.013272783178183969,0.6501589568653174,0.05546096792500831,0.25375083022966727,0.8181208633198517
2025-06-23,0.8186537003116611,0.8186367315539096,0.8183567764227955,0.8181208633198517,0.002591494611483386,0.6085525968480625,0.8717929759562487,0.0,0.0,0.0,0.7333333333333333,0.4545454545454545,0.0,0.0,0.0,0.5,1.0,0.6085525968480625,0.026288960112513547,0.8717929759562487,0.8949819668649024,0.307040479923506,0.5572767623434298,0.014634482650597747,0.0982842749578467,0.021111001089216753,0.2112751070172807,0.8546215486198128
2025-06-24,0.8545500532405822,0.8547667135618756,0.8547632786614021,0.8546215486198128,0.0010573540420505518,0.6760528938024013,0.8701656274124873,0.0,0.0,0.16666666666666666,0.7666666666666667,0.4545454545454545,0.0,0.0,0.0,0.9009688679024191,0.8019377358048384,0.6760528938024013,0.05873900573212618,0.8701656274124873,0.8954285371539097,0.3045390319151504,0.6020094343768528,0.011995045220181329,0.04881252025040213,0.012331859834183915,0.22603905302588717,0.860694185956479
2025-06-25,0.8603382185502592,0.8605546442672128,0.8607080249614463,0.860694185956479,0.001871349275553911,0.6327880979863296,0.8720721896607381,0.0,0.0,0.3333333333333333,0.8,0.4545454545454545,0.0,0.0,0.0,1.0,0.3568958678922095,0.6327880979863296,0.054035042256416095,0.8720721896607381,0.8959431022847008,0.30624403088061847,0.6069393105261823,0.01192314014554874,0.08690475728054954,0.007594316511513964,0.23267376219369718,0.8708692992508927
2025-06-26,0.8707552947728571,0.8707281079019441,0.8711295788435157,0.8708692992508927,9.71047056855733e-05,0.6382280914310248,0.8750584581224861,0.0,0.0,0.5,0.8333333333333334,0.4545454545454545,0.0,0.0,0.0,0.7225209339563144,5.551115123125783e-17,0.6382280914310248,0.05500447162737984,0.8750584581224861,0.8965596596781674,0.3091345559662826,0.6153939480280882,0.011963175491030521,0.004494607414581198,0.00024204734818511034,0.22698900128361732,0.8675127280127355
2025-06-27,0.8674153450423432,0.8673801871998373,0.8677800833156599,0.8675127280127355,2.469631433918147e-06,0.6201465415126833,0.877817041589157,0.0,0.0,0.6666666666666666,0.8666666666666667,0.4545454545454545,0.0,0.0,0.0,0.27747906604368566,0.0,0.6201465415126833,0.05527308646171434,0.877817041589157,0.896969753567676,0.31199008201520373,0.6082787125434403,0.011735857257877817,0.0001164951693151187,0.00024297930003270877,0.22661397957686477,0.8682910633723082
2025-06-28,0.8681854790821462,0.8682232471345083,0.8685586585473165,0.8682910633723082,0.0017555814035636816,0.6256270674564937,0.8823527663595083,0.0,0.0,0.8333333333333333,0.9,0.4545454545454545,1.0,0.0,0.0,0.0,0.3568958678922094,0.6256270674564937,0.051558424365388884,0.8823527663595083,0.8975664791322893,0.31677178109595006,0.6039816653469631,0.012712063303882434,0.07652962937364736,0.002184873949579832,0.22680185072196293,0.8703341936911866
2025-06-29,0.870236467630253,0.8702011954427747,0.8705943083717518,0.8703341936911866,3.8401650764201926e-05,0.6273062899231466,0.8883648485716229,0.0,0.0,1.0,0.9333333333333333,0.4545454545454545,1.0,0.0,0.0,0.0990311320975808,0.8019377358048383,0.6273062899231466,0.048502709795644756,0.8883648485716229,0.8984854719157735,0.3229470648216004,0.5995189826866435,0.004003611252042213,0.005179783942671119,0.0004843832962283309,0.22661458858787045,0.8784986073067043
2025-06-30,0.8786349820011569,0.8790290057202428,0.8787450178281563,0.8784986073067043,0.002993404392795403,0.6354123263739654,0.8972889020365655,0.0,0.0,0.0,0.9666666666666667,0.4545454545454545,0.0,0.0,0.0,0.5,1.0,0.6354123263739654,0.04106915265809155,0.8972889020365655,0.9009038926165113,0.3308227138553679,0.5988590561045033,0.004229038363602634,0.38300059608334996,0.02062939966232736,0.22123768317325532,0.8688180612720189
2025-07-01,0.8687043062247503,0.8686853088294721,0.8690695985430911,0.8688180612720189,6.500106557412143e-05,0.611882004180882,0.8993871990175129,0.0,0.0,0.16666666666666666,0.0,0.5454545454545454,0.0,0.0,0.0,0.9009688679024191,0.8019377358048384,0.611882004180882,0.016670056065033113,0.8993871990175129,0.9018781312089449,0.3321810570370163,0.5855036112611272,0.003672437664796056,0.009526321583975195,0.0007278563696763838,0.2269894431212876,0.8569484470385353
2025-07-02,0.8568199219894751,0.8568095126343476,0.8569935722937515,0.8569484470385353,0.0005337414014775374,0.6088342027459425,0.8988335649768517,0.0,0.0,0.3333333333333333,0.03333333333333333,0.5454545454545454,0.0,0.0,0.0,1.0,0.3568958678922095,0.6088342027459425,0.021645892328679854,0.8988335649768517,0.9019078789522254,0.3314786481085401,0.5725955741324423,0.0029221870028958413,0.09729678761875912,0.006641563700353838,0.22737243347323247,0.8832172654241137
2025-07-03,0.8826558923563386,0.8830740721375583,0.8830271816022672,0.8832172654241137,0.0007279401614391645,0.6599494825771195,0.9006586399637065,0.0,0.0,0.5,0.06666666666666668,0.5454545454545454,0.0,0.0,0.0,0.7225209339563144,5.551115123125783e-17,0.6599494825771195,0.03752941163143326,0.9006586399637065,0.9030365224978765,0.3323208699401503,0.6004722940807735,0.0032760161985830013,0.11901176094718122,0.013610690177710428,0.2371409838013478,0.8887872278410558
2025-07-04,0.8888331780229687,0.88879715207869,0.8890530294889424,0.8887872278410558,0.0001767995001242444,0.6318662856130611,0.903803089579929,0.0,0.0,0.6666666666666666,0.1,0.5454545454545454,0.0,0.0,0.0,0.27747906604368566,0.0,0.6318662856130611,0.036972247096433604,0.903803089579929,0.9028180182406859,0.3363657617365725,0.6032882435565595,0.0033737960501439134,0.028104143313683026,0.004742491814641531,0.2233183091226182,0.8758555101481553
2025-07-05,0.8757490060204215,0.8757135104002388,0.8761254365799785,0.8758555101481553,9.86699886783633e-06,0.6078098756437371,0.9049211427399656,0.0,0.0,0.8333333333333333,0.13333333333333333,0.5454545454545454,1.0,0.0,0.0,0.0,0.3568958678922094,0.6078098756437371,0.041649680328083256,0.9049211427399656,0.902027224065148,0.3386651282550863,0.5874170455619111,0.002394642582976887,0.002170882730406925,0.0,0.22680185072196293,0.8776067647071939
2025-07-06,0.8774270875597817,0.8774644810337862,0.8778042394232379,0.8776067647071939,0.0004986689363045118,0.6268984719412825,0.9059960555851453,0.0,0.0,1.0,0.16666666666666669,0.5454545454545454,1.0,0.0,0.0,0.0990311320975808,0.8019377358048383,0.6268984719412825,0.04164034575032229,0.9059960555851453,0.9018919426611822,0.3401229914815469,0.5882201811156142,0.0026528018255471916,0.09962574400661717,0.0021618625277161864,0.22847339882738663,0.8855928098028095
2025-07-07,0.885460801596042,0.8854654440676346,0.8858414066583591,0.8855928098028095,0.00018205856061967712,0.6350882367246512,0.9070446049045793,0.0,0.0,0.0,0.2,0.5454545454545454,0.0,0.0,0.0,0.5,1.0,0.6350882367246512,0.04157080145013801,0.9070446049045793,0.9031675542242308,0.3398429657570976,0.5960861462256785,0.0010759465211653513,0.08297730288652022,0.0011901383306936674,0.22735397837476926,0.8777445949271182
2025-07-08,0.8777999945685283,0.8777644158182364,0.877990773072489,0.8777445949271182,0.0002431701108025186,0.6143703286156154,0.908363979533947,0.0,0.0,0.16666666666666666,0.23333333333333334,0.5454545454545454,0.0,0.0,0.0,0.9009688679024191,0.8019377358048384,0.6143703286156154,0.04080238021231499,0.908363979533947,0.9039363917321092,0.3405004698854779,0.5857908142823222,0.0011758797278273074,0.10250629347333302,0.005522412869623035,0.22308887732166577,0.8835740024639179
2025-07-09,0.8831585061507363,0.8834307513406884,0.8835381215980419,0.8835740024639179,0.001200568188862367,0.632252571350706,0.9122993349225426,0.0,0.0,0.3333333333333333,0.26666666666666666,0.5454545454545454,0.0,0.0,0.0,1.0,0.3568958678922095,0.632252571350706,0.036411013512760014,0.9122993349225426,0.9051790682936685,0.34372397236569574,0.5880647609374043,0.0015498960956314468,0.3950442794112902,0.009068629700680148,0.23381369842301666,0.9025621421734934
2025-07-10,0.9023794304493975,0.9026022585089271,0.9027591976295628,0.9025621421734934,2.580716151075598e-05,0.6493797232444566,0.9151585791238791,0.0,0.0,0.5,0.3,0.5454545454545454,0.0,0.0,0.0,0.7225209339563144,5.551115123125783e-17,0.6493797232444566,0.02862606120187454,0.9151585791238791,0.9072189135471828,0.3446857092901887,0.6062053680805471,0.0011560768320434437,0.011043145098362248,0.007707648358755996,0.2284271796618564,0.9409032662924441
2025-07-11,0.9406429322164498,0.9409128474633017,0.941047256678006,0.9409032662924441,0.0005736078763926905,0.6735905853274146,0.9228615220099609,0.0,0.0,0.6666666666666666,0.3333333333333333,0.5454545454545454,0.0,0.0,0.0,0.27747906604368566,0.0,0.6735905853274146,0.050513293471229966,0.9228615220099609,0.910506747459271,0.3499178535300158,0.6403052733962634,0.001378642617362642,0.2098247209902913,0.00851445216222272,0.2299202837685694,0.9535187852455183
2025-07-12,0.9531353170094642,0.9533723005362754,0.9535450111778261,0.9535187852455183,3.276763876722209e-05,0.6400573800658009,0.9343404407880844,0.0,0.0,0.8333333333333333,0.3666666666666667,0.5454545454545454,1.0,0.0,0.0,0.0,0.3568958678922094,0.6400573800658009,0.041847973239767924,0.9343404407880844,0.9151247304637548,0.3579861077386344,0.6413046404003618,0.0013914873535334094,0.01188676724111726,0.007518349365107714,0.23244404883625677,0.9525458660460523
2025-07-13,0.9522030494875974,0.9523914327276678,0.9526123429315709,0.9525458660460523,4.223995184395619e-05,0.6234152932148893,0.9454167166275451,0.0,0.0,1.0,0.4,0.5454545454545454,1.0,0.0,0.0,0.0990311320975808,0.8019377358048383,0.6234152932148893,0.042921880107745614,0.9454167166275451,0.9195748512025849,0.36570167438641943,0.6280130075792449,0.0011354809750284771,0.0183634440320318,0.006197643533337874,0.23159385723182477,0.966085658238619
2025-07-14,0.9657898352845422,0.9659290297555573,0.9662049688509081,0.966085658238619,1.03576202994745e-05,0.6409875676138044,0.9573138567913629,0.0,0.0,0.0,0.43333333333333335,0.5454545454545454,0.0,0.0,0.0,0.5,1.0,0.6409875676138044,0.042828971574020026,0.9573138567913629,0.9246957127244282,0.37349157199985883,0.6296734970240676,0.001039175662671467,0.004866117002774069,0.004801074366291757,0.23051403253652594,0.9712583453157791
2025-07-15,0.9716428539870448,0.971603471623535,0.9715576735685468,0.9712583453157791,0.00027088226961036546,0.6307680386029207,0.9711355343346215,0.0,0.0,0.16666666666666666,0.4666666666666667,0.5454545454545454,0.0,0.0,0.0,0.9009688679024191,0.8019377358048384,0.6307680386029207,0.03568213842131706,0.9711355343346215,0.9305337073432102,0.38256943905316354,0.6204238724427558,0.001054719130896508,0.1256276838535476,0.013448799452703941,0.21640326387512077,0.9546538576448951
2025-07-16,0.9546836917631732,0.9548557617674753,0.9549480686265406,0.9546538576448951,0.0003300849558885508,0.6048731470269308,0.9816413993443104,0.0,0.0,0.3333333333333333,0.5,0.5454545454545454,0.0,0.0,0.0,1.0,0.3568958678922095,0.6048731470269308,0.04891803519733896,0.9816413993443104,0.9359934806545697,0.38814825640668826,0.5921535619669096,0.0005664739326072857,0.2567261165065625,0.009713849027765984,0.22372927932124864,0.9623237040006843
2025-07-17,0.9621580452863135,0.9621676854316408,0.9625716177698442,0.9623237040006843,0.00022574414948647734,0.6338591294260099,0.9904743788112221,0.0,0.0,0.5,0.5333333333333333,0.5454545454545454,0.0,0.0,0.0,0.7225209339563144,5.551115123125783e-17,0.6338591294260099,0.047269126673877296,0.9904743788112221,0.9422922111543973,0.39071517373124576,0.5912025056953474,0.0006786165571194943,0.15194622762540258,0.0013143261550904862,0.22781808527262662,0.9673099148979469
2025-07-18,0.9668842362884728,0.9674287036778085,0.967299840270425,0.9673099148979469,0.0006731202018814173,0.6305686702273183,0.9943773789636752,0.0,0.0,0.6666666666666666,0.5666666666666667,0.5454545454545454,0.0,0.0,0.0,0.27747906604368566,0.0,0.6305686702273183,0.02482654227314164,0.9943773789636752,0.9472144002479036,0.38925800113895437,0.5924317354677994,0.0007344320091006658,0.4246287950312396,0.01569482288828338,0.23320654383859846,0.9568753564836755
2025-07-19,0.9567346803112801,0.9567931783481134,0.9571378114655745,0.9568753564836755,0.0007486974969921736,0.6121498136252135,0.9948734925845274,0.0,0.0,0.8333333333333333,0.6,0.5454545454545454,1.0,0.0,0.0,0.0,0.3568958678922094,0.6121498136252135,0.025920011411472522,0.9948734925845274,0.9514155607066606,0.38478976543157084,0.5811994086050392,0.0011359897902839488,0.3253612739189174,0.00286384857188853,0.22731284820248526,0.9560645904841205
2025-07-20,0.955875372856342,0.9560798199418533,0.9562862448059503,0.9560645904841205,0.001873467228086534,0.6236148847705862,0.9953935730469666,0.0,0.0,1.0,0.6333333333333333,0.5454545454545454,1.0,0.0,0.0,0.0990311320975808,0.8019377358048383,0.6236148847705862,0.025908137434507053,0.9953935730469666,0.9551368617351205,0.3809564096565552,0.5798512853490863,0.0021631065579983976,0.4533656272763405,0.00661482229025501,0.2283362212277514,0.9502919365672897
2025-07-21,0.9502250210064193,0.9501865067446823,0.9505848032657986,0.9502919365672897,0.0006325628809221158,0.6176278066608685,0.9930592026763868,0.0,0.0,0.0,0.6666666666666666,0.5454545454545454,0.0,0.0,0.0,0.5,1.0,0.6176278066608685,0.020949107825509836,0.9930592026763868,0.958752629102895,0.37404343945247276,0.5762122108810445,0.0025120951649488968,0.13304343401622573,0.0013308309162259,0.22577285472053507,0.9521972366662438
2025-07-22,0.9519841692868113,0.9520509662155892,0.9523933686476675,0.9521972366662438,0.0014777113351018836,0.6269048056122954,0.9902419004478276,0.0,0.0,0.16666666666666666,0.7,0.5454545454545454,0.0,0.0,0.0,0.9009688679024191,0.8019377358048384,0.6269048056122954,0.01980443744709713,0.9902419004478276,0.9624176219030027,0.36658024156910485,0.5809684536494869,0.0031889933222736875,0.2478804052912625,0.0028781389170363684,0.22885603996874843,0.9728717696548934
2025-07-23,0.9728507484284199,0.9728194234523873,0.9731715951425015,0.9728717696548934,0.0014791995048079464,0.6496362077242606,0.992934575100134,0.0,0.0,0.3333333333333333,0.7333333333333333,0.5454545454545454,0.0,0.0,0.0,1.0,0.3568958678922095,0.6496362077242606,0.02446537732693116,0.992934575100134,0.9668964279657104,0.3644285068866917,0.5996121906441204,0.003833519993829987,0.20803022612888228,0.002816408495887877,0.2247917197958416,0.9629723168003282
2025-07-24,0.962993032718942,0.962954000947632,0.9632690914148698,0.9629723168003282,6.217585215391267e-05,0.612855366695142,0.9930304424664822,0.0,0.0,0.5,0.7666666666666667,0.5454545454545454,0.0,0.0,0.0,0.7225209339563144,5.551115123125783e-17,0.612855366695142,0.0265896523204354,0.9930304424664822,0.970586210551885,0.36029575593366414,0.5893112335845075,0.0037417761982692856,0.008950113485940367,0.0037206953154594047,0.22392501599002226,0.9595752072621933
2025-07-25,0.9597908964481824,0.9597519944649874,0.9598222739830571,0.9595752072621933,4.925292012199311e-06,0.6205231706640879,0.9918872241227794,0.0,0.0,0.6666666666666666,0.8,0.5454545454545454,0.0,0.0,0.0,0.27747906604368566,0.0,0.6205231706640879,0.026078827785219874,0.9918872241227794,0.9745504514838017,0.3545016312847331,0.5869495834710898,0.003366992464468455,0.0007844396063157865,0.010320945945945946,0.21984045522255088,0.953145832885723
2025-07-26,0.953727104218997,0.953688448011777,0.9534395791152059,0.953145832885723,0.00790632523056688,0.616863885736247,0.9913359867662769,0.0,0.0,0.8333333333333333,0.8333333333333334,0.5454545454545454,1.0,0.0,0.0,0.0,0.3568958678922094,0.616863885736247,0.024567846035517496,0.9913359867662769,0.9787523202221607,0.3491443677075421,0.5808616322741218,0.0073816331142611165,0.5884272914040981,0.019005201781525177,0.212107063877832,0.9567050956237689
2025-07-27,0.9564104133471525,0.9565499879823429,0.9568215152777141,0.9567050956237689,0.0008024508200233384,0.6288994081657387,0.9914306557905459,0.0,0.0,1.0,0.8666666666666667,0.5454545454545454,1.0,0.0,0.0,0.0990311320975808,0.8019377358048383,0.6288994081657387,0.024920971611776747,0.9914306557905459,0.9819622433780381,0.34565315832275445,0.5844423861975988,0.006780910896166935,0.06489511098400962,0.0048481560902841935,0.2305504360383817,0.9682017574974573
2025-07-28,0.968821731399135,0.9687824633805975,0.9685001437525622,0.9682017574974573,0.000302129565578387,0.6384530164457937,0.9940777934438368,0.0,0.0,0.0,0.9,0.5454545454545454,0.0,0.0,0.0,0.5,1.0,0.6384530164457937,0.026218666767982166,0.9940777934438368,0.9854310427284153,0.344710714211131,0.5936501418594076,0.0065955742079228585,0.025104414971004286,0.01979684388439848,0.2114949676689998,0.956559157743849
2025-07-29,0.9570994806459235,0.9570606877504608,0.9565619902004953,0.956559157743849,0.0016407821897234261,0.6107221070935469,0.9947225014825288,0.0,0.0,0.16666666666666666,0.9333333333333333,0.5454545454545454,0.0,0.0,0.0,0.9009688679024191,0.8019377358048384,0.6107221070935469,0.03025613211784787,0.9947225014825288,0.9889561503071449,0.341513466362813,0.5810234714667382,0.006687038992922667,0.1345125219452762,0.025764813497306634,0.2130101772593859,0.9561943130440493
2025-07-30,0.9559483329232707,0.9560473945597506,0.956359236233918,0.9561943130440493,0.0004708907898260454,0.6241522635104294,0.9922575118252995,0.0,0.0,0.3333333333333333,0.9666666666666667,0.5454545454545454,0.0,0.0,0.0,1.0,0.3568958678922095,0.6241522635104294,0.01794293437069277,0.9922575118252995,0.9923888273978245,0.3350370927683146,0.5830923806207354,0.006121488882553226,0.042082597605327975,0.0037481132235469704,0.2295294123292392,0.9552538244845656
2025-07-31,0.9551944122316741,0.9552935044258621,0.9555482203676091,0.9552538244845656,0.0003859529120062209,0.6234577066916668,0.9911166901657553,0.0,0.0,0.5,0.9999999999999999,0.5454545454545454,0.0,0.0,0.0,0.7225209339563144,5.551115123125783e-17,0.6234577066916668,0.01574976323044023,0.9911166901657553,0.9954315965676501,0.3304729606065149,0.583256455942116,0.006303092144742479,0.033521896917617956,0.0052956302563797915,0.22560760069719396,0.9382763844538863
2025-08-01,0.9383001034006282,0.9382620724764036,0.9382979128912188,0.9382763844538863,0.006872564206511916,0.6040924547766265,0.9879686455232948,0.0,0.0,0.6666666666666666,0.0,0.6363636363636364,0.0,0.0,0.0,0.27747906604368566,0.0,0.6040924547766265,0.022684948512044965,0.9879686455232948,0.9980756043215978,0.3241826625864024,0.5688103710291752,0.010155081013193843,0.37389306455702864,0.011231198541672066,0.2238493104669206,0.9181207417049517
2025-08-02,0.9179847780980365,0.9183447815198021,0.9176818895696466,0.9181207417049517,0.006864340114607616,0.5998145227620614,0.9827918077404894,0.0,0.0,0.8333333333333333,0.03333333333333333,0.6363636363636364,1.0,0.0,0.0,0.0,0.3568958678922094,0.5998145227620614,0.029340889117553427,0.9827918077404894,0.999584594013477,0.3169348931518179,0.552938515409468,0.00957064215178357,0.3958876711525027,0.030995293307312592,0.2273344174646639,0.9120724273482722
2025-08-03,0.9121398660696372,0.9123866175584255,0.9121994223133983,0.9120724273482722,0.0014104404979320556,0.6169936831848638,0.9761949345936504,0.0,0.0,1.0,0.06666666666666668,0.6363636363636364,1.0,0.0,0.0,0.0990311320975808,0.8019377358048383,0.6169936831848638,0.027324833062617286,0.9761949345936504,0.9999999999999999,0.30932656414491966,0.5530585379625438,0.00991165738286875,0.07858876789157855,0.017561010291320806,0.22287133632133874,0.9266986459802424
2025-08-04,0.9261076655494319,0.9269375077770253,0.9265057421950874,0.9266986459802424,0.004640572284912966,0.6430890166226504,0.9700606214894418,0.0,0.0,0.0,0.1,0.6363636363636364,0.0,0.0,0.0,0.5,1.0,0.6430890166226504,0.030766644869153002,0.9700606214894418,0.9993795470687227,0.30331829240332286,0.5745395514164372,0.01234504581073254,0.2082324081511389,0.02435117510613156,0.23718380145059445,0.932673991396962
2025-08-05,0.9326416448766023,0.9328470336652478,0.9329614284909062,0.932673991396962,0.0005598080269468988,0.6320295648377477,0.9665303057236676,0.0,0.0,0.16666666666666666,0.13333333333333333,0.6363636363636364,0.0,0.0,0.0,0.9009688679024191,0.8019377358048384,0.6320295648377477,0.03225874003219319,0.9665303057236676,0.9984690536404613,0.3004395340863599,0.5844392854516877,0.011738738389224486,0.026400349441788602,0.009039469452677508,0.22505452545914653,0.9251581905810882
2025-08-06,0.925167291353462,0.9251297927247982,0.9254433114102227,0.9251581905810882,2.244915874998906e-05,0.6152974016462567,0.9619430522439039,0.0,0.0,0.3333333333333333,0.16666666666666669,0.6363636363636364,0.0,0.0,0.0,1.0,0.3568958678922095,0.6152974016462567,0.032299923126211424,0.9619430522439039,0.9972727693928274,0.2967049200101226,0.5811520646386281,0.011487212036054099,0.0010815677959511232,0.003417185816050259,0.22415968897325372,0.9323415773371445
2025-08-07,0.9324714047204352,0.9324336100434379,0.9326289119857196,0.9323415773371445,4.751400456306201e-05,0.6335480705324454,0.958556537527652,0.0,0.0,0.5,0.2,0.6363636363636364,0.0,0.0,0.0,0.7225209339563144,5.551115123125783e-17,0.6335480705324454,0.034709474355463676,0.958556537527652,0.9957988395412429,0.29456198463640826,0.592300817163082,0.01129738509256564,0.002327100104496243,0.006780839780926715,0.2215589179527995,0.951905360906404
2025-08-08,0.9526164898668601,0.9527156865486951,0.9521987248397533,0.951905360906404,0.0017918264721970374,0.6487953813213014,0.9605709505630446,0.0,0.0,0.6666666666666666,0.23333333333333334,0.6363636363636364,0.0,0.0,0.0,0.27747906604368566,0.0,0.6487953813213014,0.03771029908279376,0.9605709505630446,0.9949535078363576,0.2976491443705167,0.6110602777554514,0.008447650935054625,0.11683068711721617,0.02632855380164234,0.20935283151687972,0.9458327235697379
2025-08-09,0.9458068836201813,0.9458415055429166,0.9461242160010997,0.9458327235697379,0.003037489190654608,0.6172338828406713,0.9646668837902735,0.0,0.0,0.8333333333333333,0.26666666666666666,0.6363636363636364,1.0,0.0,0.0,0.0,0.3568958678922094,0.6172338828406713,0.027882689722608413,0.9646668837902735,0.9945682037329161,0.3025281744963788,0.600309788275795,0.006301209145698606,0.26389773214175205,0.004456824512534819,0.22490654606635102,0.9445273903104545
2025-08-10,0.9443071489110912,0.944374257002768,0.9447130483937222,0.9445273903104545,0.004511052275955204,0.6230003519945522,0.969463847133924,0.0,0.0,1.0,0.3,0.6363636363636364,1.0,0.0,0.0,0.0990311320975808,0.8019377358048383,0.6230003519945522,0.025875850361316288,0.969463847133924,0.9937908668698148,0.308594604364278,0.5939656704421713,0.008040310779175271,0.3087496664699636,0.0029015366125847712,0.22904531346087595,0.9667910246582317
2025-08-11,0.9671841832302908,0.9672503640762435,0.9668862221786075,0.9667910246582317,0.0065413717593753385,0.6517801457288648,0.975389648716325,0.0,0.0,0.0,0.3333333333333333,0.6363636363636364,0.0,0.0,0.0,0.5,1.0,0.6517801457288648,0.030460931158076403,0.975389648716325,0.9937682019225534,0.31509503041011455,0.6112708744178234,0.009106449885779803,0.3961703931015874,0.02200952125519646,0.21618683656984558,0.962672333380493
2025-08-12,0.9623120720942742,0.962516258289245,0.962368863803267,0.962672333380493,0.0013100265598094405,0.6196783511070154,0.9798235144099317,0.0,0.0,0.16666666666666666,0.3666666666666667,0.6363636363636364,0.0,0.0,0.0,0.9009688679024191,0.8019377358048384,0.6196783511070154,0.032261167813887395,0.9798235144099317,0.994021411880238,0.31966798890124193,0.6023771092807853,0.009527239836077145,0.07589196469460191,0.01620742812376275,0.23188221022055083,0.9732285066946976
2025-08-13,0.9736776291869452,0.9736381643504812,0.9735203319650143,0.9732285066946976,0.002637165484470402,0.6372402413532324,0.9869284845984162,0.0,0.0,0.3333333333333333,0.4,0.6363636363636364,0.0,0.0,0.0,1.0,0.3568958678922095,0.6372402413532324,0.02881458043441893,0.9869284845984162,0.9947711258388646,0.3266182876737076,0.6060855267204089,0.010993807648716254,0.132677920289903,0.015368860989235138,0.21508604450876345,1.0
2025-08-14,1.0,1.0,1.0,1.0,0.0061194817941535124,0.6563209670177855,0.996928649250618,0.0,0.0,0.5,0.43333333333333335,0.6363636363636364,0.0,0.0,0.0,0.7225209339563144,5.551115123125783e-17,0.6563209670177855,0.03557810733349972,0.996928649250618,0.9969423569585342,0.33516587589634983,0.6234479919177407,0.014399512669945004,0.23583259861025135,0.01222438391699092,0.22435740132006252,0.9594211617222778
2025-08-15,0.95973414972946,0.9599303340665524,0.9597168419204368,0.9594211617222778,0.0040351702794011995,0.5777868530375257,0.9980395123581783,0.0,0.0,0.6666666666666666,0.4666666666666667,0.6363636363636364,0.0,0.0,0.0,0.27747906604368566,0.0,0.5777868530375257,0.061622981643554835,0.9980395123581783,0.9972578955211872,0.33603204333225567,0.5806873350072987,0.01565778141136284,0.14313298139556296,0.018007821408360294,0.21780244155330317,0.95140268598668
2025-08-16,0.9520490226796368,0.9520104344879607,0.9515823527813586,0.95140268598668,0.019162340781661256,0.6149521870941688,0.9988627733666939,0.0,0.0,0.8333333333333333,0.5,0.6363636363636364,1.0,0.0,0.0,0.0,0.3568958678922094,0.6149521870941688,0.06199665732066947,0.9988627733666939,0.9963201333282521,0.33795252287233724,0.5716593274558899,0.02470204678513614,0.43239636881608023,0.023909063817105877,0.21071179770280057,0.9522215596462303
2025-08-17,0.9520976627242559,0.9520671789066406,0.9524744702342984,0.9522215596462303,0.003906291215363534,0.6255849687824232,0.9999999999999999,0.0,0.0,1.0,0.5333333333333333,0.6363636363636364,1.0,0.0,0.0,0.0990311320975808,0.8019377358048383,0.6255849687824232,0.06192344866738645,0.9999999999999999,0.9958505439521826,0.3397062342475501,0.571388772856574,0.0243628424526903,0.08936458661282136,0.0011068445564533294,0.22697301275448056,0.9524323588061147
2025-08-18,0.9522111561617006,0.9522779438903083,0.9523284873783628,0.9524323588061147,0.004738410661145345,0.6248475454671409,0.9978777361774656,0.0,0.0,0.0,0.5666666666666667,0.6363636363636364,0.0,0.0,0.0,0.5,1.0,0.6248475454671409,0.05536081301105824,0.9978777361774656,0.9955385467875393,0.33773274403167064,0.5736779486226589,0.0233515798969421,0.11306457951200802,0.010845783850508663,0.22902669194663391,0.9426545208514827
2025-08-19,0.9427263474609694,0.9427205625155288,0.9429450338051688,0.9426545208514827,8.526920231525713e-05,0.6127507833230486,0.9949190295835428,0.0,0.0,0.16666666666666666,0.6,0.6363636363636364,0.0,0.0,0.0,0.9009688679024191,0.8019377358048384,0.6127507833230486,0.05606943191490903,0.9949190295835428,0.9950802898851004,0.33500480017889167,0.5665236514557924,0.022664625942845754,0.002095883666038602,0.006036373016896686,0.22282599197250452,0.9155425058263672
2025-08-20,0.9149609886575469,0.9153940717484538,0.9150217575281534,0.9155425058263672,0.0012392442958088477,0.5914177251077378,0.9863928256889454,0.0,0.0,0.3333333333333333,0.6333333333333333,0.6363636363636364,0.0,0.0,0.0,1.0,0.3568958678922095,0.5914177251077378,0.059101167107286585,0.9863928256889454,0.9932823221156399,0.32764764705051674,0.5467721129404656,0.021880546155784202,0.03154400365030102,0.022804996899087444,0.23713216709576712,0.9259122029606742
2025-08-21,0.9262535856832893,0.9262241493707654,0.9261975561658901,0.9259122029606742,0.0019895896606950177,0.6376563723453771,0.9754423757678167,0.0,0.0,0.5,0.6666666666666666,0.6363636363636364,0.0,0.0,0.0,0.7225209339563144,5.551115123125783e-17,0.6376563723453771,0.04727322939753898,0.9754423757678167,0.9914351289138463,0.3176613221000506,0.5683193182043154,0.019564131631951323,0.05659266617241733,0.01297007780296334,0.21694934811526767,0.9121697192682189
2025-08-22,0.9117264256903745,0.9120218320097699,0.9120534394574628,0.9121697192682189,0.009821021985690206,0.6074727466095482,0.9684584381293467,0.0,0.0,0.6666666666666666,0.7,0.6363636363636364,0.0,0.0,0.0,0.27747906604368566,0.0,0.6074727466095482,0.03156110769392531,0.9684584381293467,0.9894962135036048,0.3120895242512989,0.5608011947043485,0.02280935704997392,0.23987547589132346,0.011327364387264272,0.2341302218321192,0.9477461313286873
2025-08-23,0.9476957386862243,0.9477546030869776,0.9479246712243055,0.9477461313286873,0.009943908975279367,0.6695785477357066,0.9679179858515585,0.0,0.0,0.8333333333333333,0.7333333333333333,0.6363636363636364,1.0,0.0,0.0,0.0,0.3568958678922094,0.6695785477357066,0.057936662400232354,0.9679179858515585,0.9891271998310073,0.3118926667064026,0.5989622807613634,0.017638832340558887,0.3134532760088486,0.00756150135149006,0.22542619452178989,0.9351630430155955
